"","Date","Value.Value","time"
"1","Feb 1, 2019",2706.69,2019-02-01
"2","Jan 1, 2019",2584.96,2019-01-01
"3","Dec 1, 2018",2567.31,2018-12-01
"4","Nov 1, 2018",2723.23,2018-11-01
"5","Oct 1, 2018",2776.13,2018-10-01
"6","Sep 1, 2018",2896.89,2018-09-01
"7","Aug 1, 2018",2856.6,2018-08-01
"8","Jul 1, 2018",2793.99,2018-07-01
"9","Jun 1, 2018",2754.89,2018-06-01
"10","May 1, 2018",2706.32,2018-05-01
"11","Apr 1, 2018",2669.43,2018-04-01
"12","Mar 1, 2018",2729.67,2018-03-01
"13","Feb 1, 2018",2738.26,2018-02-01
"14","Jan 1, 2018",2836.75,2018-01-01
"15","Dec 1, 2017",2723.93,2017-12-01
"16","Nov 1, 2017",2650.06,2017-11-01
"17","Oct 1, 2017",2612.72,2017-10-01
"18","Sep 1, 2017",2545.55,2017-09-01
"19","Aug 1, 2017",2521.44,2017-08-01
"20","Jul 1, 2017",2526.8,2017-07-01
"21","Jun 1, 2017",2504.37,2017-06-01
"22","May 1, 2017",2466.85,2017-05-01
"23","Apr 1, 2017",2431.81,2017-04-01
"24","Mar 1, 2017",2446.78,2017-03-01
"25","Feb 1, 2017",2410.59,2017-02-01
"26","Jan 1, 2017",2361.3,2017-01-01
"27","Dec 1, 2016",2345.32,2016-12-01
"28","Nov 1, 2016",2260.84,2016-11-01
"29","Oct 1, 2016",2234.41,2016-10-01
"30","Sep 1, 2016",2252.51,2016-09-01
"31","Aug 1, 2016",2271.8,2016-08-01
"32","Jul 1, 2016",2250.8,2016-07-01
"33","Jun 1, 2016",2179.17,2016-06-01
"34","May 1, 2016",2167.09,2016-05-01
"35","Apr 1, 2016",2186.38,2016-04-01
"36","Mar 1, 2016",2140.02,2016-03-01
"37","Feb 1, 2016",2024.31,2016-02-01
"38","Jan 1, 2016",2041.06,2016-01-01
"39","Dec 1, 2015",2188.8,2015-12-01
"40","Nov 1, 2015",2209.51,2015-11-01
"41","Oct 1, 2015",2145.7,2015-10-01
"42","Sep 1, 2015",2059.57,2015-09-01
"43","Aug 1, 2015",2157.32,2015-08-01
"44","Jul 1, 2015",2211.58,2015-07-01
"45","Jun 1, 2015",2217.17,2015-06-01
"46","May 1, 2015",2238.34,2015-05-01
"47","Apr 1, 2015",2231.56,2015-04-01
"48","Mar 1, 2015",2220.22,2015-03-01
"49","Feb 1, 2015",2235.81,2015-02-01
"50","Jan 1, 2015",2187.26,2015-01-01
"51","Dec 1, 2014",2204.97,2014-12-01
"52","Nov 1, 2014",2182.12,2014-11-01
"53","Oct 1, 2014",2056.44,2014-10-01
"54","Sep 1, 2014",2110.52,2014-09-01
"55","Aug 1, 2014",2078.52,2014-08-01
"56","Jul 1, 2014",2087.29,2014-07-01
"57","Jun 1, 2014",2058.97,2014-06-01
"58","May 1, 2014",2002.08,2014-05-01
"59","Apr 1, 2014",1981.95,2014-04-01
"60","Mar 1, 2014",1987.69,2014-03-01
"61","Feb 1, 2014",1950.6,2014-02-01
"62","Jan 1, 2014",1963.54,2014-01-01
"63","Dec 1, 2013",1955.08,2013-12-01
"64","Nov 1, 2013",1928.7,2013-11-01
"65","Oct 1, 2013",1856.22,2013-10-01
"66","Sep 1, 2013",1816.07,2013-09-01
"67","Aug 1, 2013",1799.78,2013-08-01
"68","Jul 1, 2013",1800.42,2013-07-01
"69","Jun 1, 2013",1747.26,2013-06-01
"70","May 1, 2013",1774.25,2013-05-01
"71","Apr 1, 2013",1702.47,2013-04-01
"72","Mar 1, 2013",1679.18,2013-03-01
"73","Feb 1, 2013",1641.75,2013-02-01
"74","Jan 1, 2013",1620.28,2013-01-01
"75","Dec 1, 2012",1561.28,2012-12-01
"76","Nov 1, 2012",1526.66,2012-11-01
"77","Oct 1, 2012",1566.62,2012-10-01
"78","Sep 1, 2012",1572.11,2012-09-01
"79","Aug 1, 2012",1535.39,2012-08-01
"80","Jul 1, 2012",1495.9,2012-07-01
"81","Jun 1, 2012",1453.59,2012-06-01
"82","May 1, 2012",1470.97,2012-05-01
"83","Apr 1, 2012",1518.71,2012-04-01
"84","Mar 1, 2012",1526.39,2012-03-01
"85","Feb 1, 2012",1497.3,2012-02-01
"86","Jan 1, 2012",1446.17,2012-01-01
"87","Dec 1, 2011",1388.58,2011-12-01
"88","Nov 1, 2011",1366.33,2011-11-01
"89","Oct 1, 2011",1343.8,2011-10-01
"90","Sep 1, 2011",1304,2011-09-01
"91","Aug 1, 2011",1318.69,2011-08-01
"92","Jul 1, 2011",1478.38,2011-07-01
"93","Jun 1, 2011",1437.37,2011-06-01
"94","May 1, 2011",1492.74,2011-05-01
"95","Apr 1, 2011",1492.14,2011-04-01
"96","Mar 1, 2011",1471.27,2011-03-01
"97","Feb 1, 2011",1504.56,2011-02-01
"98","Jan 1, 2011",1467.92,2011-01-01
"99","Dec 1, 2010",1427.66,2010-12-01
"100","Nov 1, 2010",1380.99,2010-11-01
"101","Oct 1, 2010",1350.1,2010-10-01
"102","Sep 1, 2010",1294.67,2010-09-01
"103","Aug 1, 2010",1255.25,2010-08-01
"104","Jul 1, 2010",1248.33,2010-07-01
"105","Jun 1, 2010",1252.71,2010-06-01
"106","May 1, 2010",1299.66,2010-05-01
"107","Apr 1, 2010",1384.21,2010-04-01
"108","Mar 1, 2010",1334.19,2010-03-01
"109","Feb 1, 2010",1266.53,2010-02-01
"110","Jan 1, 2010",1306.88,2010-01-01
"111","Dec 1, 2009",1295.94,2009-12-01
"112","Nov 1, 2009",1267.67,2009-11-01
"113","Oct 1, 2009",1244.77,2009-10-01
"114","Sep 1, 2009",1219,2009-09-01
"115","Aug 1, 2009",1179.1,2009-08-01
"116","Jul 1, 2009",1095.25,2009-07-01
"117","Jun 1, 2009",1082.17,2009-06-01
"118","May 1, 2009",1063.53,2009-05-01
"119","Apr 1, 2009",1002.47,2009-04-01
"120","Mar 1, 2009",897.12,2009-03-01
"121","Feb 1, 2009",956.43,2009-02-01
"122","Jan 1, 2009",1033.23,2009-01-01
"123","Dec 1, 2008",1052.09,2008-12-01
"124","Nov 1, 2008",1047.71,2008-11-01
"125","Oct 1, 2008",1127.45,2008-10-01
"126","Sep 1, 2008",1401.93,2008-09-01
"127","Aug 1, 2008",1474.21,2008-08-01
"128","Jul 1, 2008",1440.67,2008-07-01
"129","Jun 1, 2008",1544.89,2008-06-01
"130","May 1, 2008",1632.56,2008-05-01
"131","Apr 1, 2008",1607.88,2008-04-01
"132","Mar 1, 2008",1554.45,2008-03-01
"133","Feb 1, 2008",1613.08,2008-02-01
"134","Jan 1, 2008",1646.29,2008-01-01
"135","Dec 1, 2007",1775.03,2007-12-01
"136","Nov 1, 2007",1754.85,2007-11-01
"137","Oct 1, 2007",1857.28,2007-10-01
"138","Sep 1, 2007",1809.83,2007-09-01
"139","Aug 1, 2007",1763.3,2007-08-01
"140","Jul 1, 2007",1840.03,2007-07-01
"141","Jun 1, 2007",1831.68,2007-06-01
"142","May 1, 2007",1831.53,2007-05-01
"143","Apr 1, 2007",1784.8,2007-04-01
"144","Mar 1, 2007",1726.81,2007-03-01
"145","Feb 1, 2007",1789.42,2007-02-01
"146","Jan 1, 2007",1773.29,2007-01-01
"147","Dec 1, 2006",1769.04,2006-12-01
"148","Nov 1, 2006",1736.92,2006-11-01
"149","Oct 1, 2006",1702.79,2006-10-01
"150","Sep 1, 2006",1636.87,2006-09-01
"151","Aug 1, 2006",1591.03,2006-08-01
"152","Jul 1, 2006",1560.83,2006-07-01
"153","Jun 1, 2006",1556.66,2006-06-01
"154","May 1, 2006",1605.59,2006-05-01
"155","Apr 1, 2006",1628.77,2006-04-01
"156","Mar 1, 2006",1631.99,2006-03-01
"157","Feb 1, 2006",1619.35,2006-02-01
"158","Jan 1, 2006",1625.26,2006-01-01
"159","Dec 1, 2005",1616.31,2005-12-01
"160","Nov 1, 2005",1578.26,2005-11-01
"161","Oct 1, 2005",1508.13,2005-10-01
"162","Sep 1, 2005",1554.22,2005-09-01
"163","Aug 1, 2005",1571.09,2005-08-01
"164","Jul 1, 2005",1576.51,2005-07-01
"165","Jun 1, 2005",1557.91,2005-06-01
"166","May 1, 2005",1527.63,2005-05-01
"167","Apr 1, 2005",1508.12,2005-04-01
"168","Mar 1, 2005",1557.99,2005-03-01
"169","Feb 1, 2005",1576.39,2005-02-01
"170","Jan 1, 2005",1561.41,2005-01-01
"171","Dec 1, 2004",1588.26,2004-12-01
"172","Nov 1, 2004",1542.5,2004-11-01
"173","Oct 1, 2004",1475.01,2004-10-01
"174","Sep 1, 2004",1483.37,2004-09-01
"175","Aug 1, 2004",1448.31,2004-08-01
"176","Jul 1, 2004",1471.57,2004-07-01
"177","Jun 1, 2004",1505,2004-06-01
"178","May 1, 2004",1469.82,2004-05-01
"179","Apr 1, 2004",1519.41,2004-04-01
"180","Mar 1, 2004",1511.66,2004-03-01
"181","Feb 1, 2004",1547.64,2004-02-01
"182","Jan 1, 2004",1541.24,2004-01-01
"183","Dec 1, 2003",1477.82,2003-12-01
"184","Nov 1, 2003",1434.23,2003-11-01
"185","Oct 1, 2003",1415.13,2003-10-01
"186","Sep 1, 2003",1387.35,2003-09-01
"187","Aug 1, 2003",1351.02,2003-08-01
"188","Jul 1, 2003",1360.29,2003-07-01
"189","Jun 1, 2003",1355.54,2003-06-01
"190","May 1, 2003",1285.54,2003-05-01
"191","Apr 1, 2003",1220.46,2003-04-01
"192","Mar 1, 2003",1158.43,2003-03-01
"193","Feb 1, 2003",1152.18,2003-02-01
"194","Jan 1, 2003",1242.63,2003-01-01
"195","Dec 1, 2002",1252.78,2002-12-01
"196","Nov 1, 2002",1264.96,2002-11-01
"197","Oct 1, 2002",1188.08,2002-10-01
"198","Sep 1, 2002",1208.4,2002-09-01
"199","Aug 1, 2002",1272.81,2002-08-01
"200","Jul 1, 2002",1264.51,2002-07-01
"201","Jun 1, 2002",1420.63,2002-06-01
"202","May 1, 2002",1512.86,2002-05-01
"203","Apr 1, 2002",1558.67,2002-04-01
"204","Mar 1, 2002",1626.39,2002-03-01
"205","Feb 1, 2002",1560.24,2002-02-01
"206","Jan 1, 2002",1622.68,2002-01-01
"207","Dec 1, 2001",1633.08,2001-12-01
"208","Nov 1, 2001",1604.97,2001-11-01
"209","Oct 1, 2001",1526.96,2001-10-01
"210","Sep 1, 2001",1476.66,2001-09-01
"211","Aug 1, 2001",1673.39,2001-08-01
"212","Jul 1, 2001",1710.24,2001-07-01
"213","Jun 1, 2001",1753.94,2001-06-01
"214","May 1, 2001",1801.81,2001-05-01
"215","Apr 1, 2001",1695.22,2001-04-01
"216","Mar 1, 2001",1696.25,2001-03-01
"217","Feb 1, 2001",1872.01,2001-02-01
"218","Jan 1, 2001",1922.5,2001-01-01
"219","Dec 1, 2000",1927.84,2000-12-01
"220","Nov 1, 2000",1994.94,2000-11-01
"221","Oct 1, 2000",2013.61,2000-10-01
"222","Sep 1, 2000",2130.13,2000-09-01
"223","Aug 1, 2000",2166.62,2000-08-01
"224","Jul 1, 2000",2148.45,2000-07-01
"225","Jun 1, 2000",2137.29,2000-06-01
"226","May 1, 2000",2084.61,2000-05-01
"227","Apr 1, 2000",2150.14,2000-04-01
"228","Mar 1, 2000",2123.2,2000-03-01
"229","Feb 1, 2000",2061.53,2000-02-01
"230","Jan 1, 2000",2128.57,2000-01-01
"231","Dec 1, 1999",2139.52,1999-12-01
"232","Nov 1, 1999",2083.09,1999-11-01
"233","Oct 1, 1999",1947.99,1999-10-01
"234","Sep 1, 1999",1978.73,1999-09-01
"235","Aug 1, 1999",2002.26,1999-08-01
"236","Jul 1, 1999",2087.95,1999-07-01
"237","Jun 1, 1999",2005.61,1999-06-01
"238","May 1, 1999",2020.05,1999-05-01
"239","Apr 1, 1999",2024.13,1999-04-01
"240","Mar 1, 1999",1957.74,1999-03-01
"241","Feb 1, 1999",1909.94,1999-02-01
"242","Jan 1, 1999",1915.63,1999-01-01
"243","Dec 1, 1998",1830.01,1998-12-01
"244","Nov 1, 1998",1758.78,1998-11-01
"245","Oct 1, 1998",1586.72,1998-10-01
"246","Sep 1, 1998",1572.37,1998-09-01
"247","Aug 1, 1998",1657.56,1998-08-01
"248","Jul 1, 1998",1786.16,1998-07-01
"249","Jun 1, 1998",1713.84,1998-06-01
"250","May 1, 1998",1715.99,1998-05-01
"251","Apr 1, 1998",1725.03,1998-04-01
"252","Mar 1, 1998",1673.26,1998-03-01
"253","Feb 1, 1998",1593.71,1998-02-01
"254","Jan 1, 1998",1502.5,1998-01-01
"255","Dec 1, 1997",1503.74,1997-12-01
"256","Nov 1, 1997",1465.28,1997-11-01
"257","Oct 1, 1997",1483.47,1997-10-01
"258","Sep 1, 1997",1465.04,1997-09-01
"259","Aug 1, 1997",1453.36,1997-08-01
"260","Jul 1, 1997",1453.01,1997-07-01
"261","Jun 1, 1997",1377.78,1997-06-01
"262","May 1, 1997",1311.49,1997-05-01
"263","Apr 1, 1997",1201.87,1997-04-01
"264","Mar 1, 1997",1247.84,1997-03-01
"265","Feb 1, 1997",1260.81,1997-02-01
"266","Jan 1, 1997",1213.81,1997-01-01
"267","Dec 1, 1996",1181.13,1996-12-01
"268","Nov 1, 1996",1169.08,1996-11-01
"269","Oct 1, 1996",1116.83,1996-10-01
"270","Sep 1, 1996",1077.92,1996-09-01
"271","Aug 1, 1996",1061.8,1996-08-01
"272","Jul 1, 1996",1033.95,1996-07-01
"273","Jun 1, 1996",1075.22,1996-06-01
"274","May 1, 1996",1064.21,1996-05-01
"275","Apr 1, 1996",1043.58,1996-04-01
"276","Mar 1, 1996",1047.44,1996-03-01
"277","Feb 1, 1996",1056.87,1996-02-01
"278","Jan 1, 1996",1002.96,1996-01-01
"279","Dec 1, 1995",1009.09,1995-12-01
"280","Nov 1, 1995",977.19,1995-11-01
"281","Oct 1, 1995",955.88,1995-10-01
"282","Sep 1, 1995",952.17,1995-09-01
"283","Aug 1, 1995",921.63,1995-08-01
"284","Jul 1, 1995",921.17,1995-07-01
"285","Jun 1, 1995",891.39,1995-06-01
"286","May 1, 1995",867.41,1995-05-01
"287","Apr 1, 1995",842.74,1995-04-01
"288","Mar 1, 1995",820.95,1995-03-01
"289","Feb 1, 1995",804.92,1995-02-01
"290","Jan 1, 1995",780.18,1995-01-01
"291","Dec 1, 1994",766.37,1994-12-01
"292","Nov 1, 1994",776.17,1994-11-01
"293","Oct 1, 1994",781.92,1994-10-01
"294","Sep 1, 1994",787.76,1994-09-01
"295","Aug 1, 1994",785.28,1994-08-01
"296","Jul 1, 1994",766.64,1994-07-01
"297","Jun 1, 1994",774.56,1994-06-01
"298","May 1, 1994",770.47,1994-05-01
"299","Apr 1, 1994",764.71,1994-04-01
"300","Mar 1, 1994",794.14,1994-03-01
"301","Feb 1, 1994",810.2,1994-02-01
"302","Jan 1, 1994",815.4,1994-01-01
"303","Dec 1, 1993",805.47,1993-12-01
"304","Nov 1, 1993",800.18,1993-11-01
"305","Oct 1, 1993",802.47,1993-10-01
"306","Sep 1, 1993",797.7,1993-09-01
"307","Aug 1, 1993",790.46,1993-08-01
"308","Jul 1, 1993",780.71,1993-07-01
"309","Jun 1, 1993",782.05,1993-06-01
"310","May 1, 1993",778.22,1993-05-01
"311","Apr 1, 1993",775.51,1993-04-01
"312","Mar 1, 1993",790.09,1993-03-01
"313","Feb 1, 1993",777.95,1993-02-01
"314","Jan 1, 1993",769.25,1993-01-01
"315","Dec 1, 1992",773.77,1992-12-01
"316","Nov 1, 1992",750.51,1992-11-01
"317","Oct 1, 1992",733.19,1992-10-01
"318","Sep 1, 1992",746.45,1992-09-01
"319","Aug 1, 1992",747.58,1992-08-01
"320","Jul 1, 1992",744.54,1992-07-01
"321","Jun 1, 1992",733.95,1992-06-01
"322","May 1, 1992",748.37,1992-05-01
"323","Apr 1, 1992",736.08,1992-04-01
"324","Mar 1, 1992",737.04,1992-03-01
"325","Feb 1, 1992",750.22,1992-02-01
"326","Jan 1, 1992",759.36,1992-01-01
"327","Dec 1, 1991",710.07,1991-12-01
"328","Nov 1, 1991",705.85,1991-11-01
"329","Oct 1, 1991",709.67,1991-10-01
"330","Sep 1, 1991",711.29,1991-09-01
"331","Aug 1, 1991",718.47,1991-08-01
"332","Jul 1, 1991",703.62,1991-07-01
"333","Jun 1, 1991",701.05,1991-06-01
"334","May 1, 1991",702.57,1991-05-01
"335","Apr 1, 1991",707.79,1991-04-01
"336","Mar 1, 1991",695.03,1991-03-01
"337","Feb 1, 1991",677.32,1991-02-01
"338","Jan 1, 1991",609.48,1991-01-01
"339","Dec 1, 1990",619.26,1990-12-01
"340","Nov 1, 1990",593.91,1990-11-01
"341","Oct 1, 1990",579.82,1990-10-01
"342","Sep 1, 1990",599.06,1990-09-01
"343","Aug 1, 1990",633.45,1990-08-01
"344","Jul 1, 1990",695.87,1990-07-01
"345","Jun 1, 1990",699.25,1990-06-01
"346","May 1, 1990",683.25,1990-05-01
"347","Apr 1, 1990",661.24,1990-04-01
"348","Mar 1, 1990",662.82,1990-03-01
"349","Feb 1, 1990",650.67,1990-02-01
"350","Jan 1, 1990",672.57,1990-01-01
"351","Dec 1, 1989",696.75,1989-12-01
"352","Nov 1, 1989",681.04,1989-11-01
"353","Oct 1, 1989",697.12,1989-10-01
"354","Sep 1, 1989",700.26,1989-09-01
"355","Aug 1, 1989",701.09,1989-08-01
"356","Jul 1, 1989",672.44,1989-07-01
"357","Jun 1, 1989",657.41,1989-06-01
"358","May 1, 1989",639.05,1989-05-01
"359","Apr 1, 1989",618.94,1989-04-01
"360","Mar 1, 1989",603.2,1989-03-01
"361","Feb 1, 1989",609.37,1989-02-01
"362","Jan 1, 1989",593.99,1989-01-01
"363","Dec 1, 1988",578.33,1988-12-01
"364","Nov 1, 1988",567.77,1988-11-01
"365","Oct 1, 1988",581.66,1988-10-01
"366","Sep 1, 1988",563.82,1988-09-01
"367","Aug 1, 1988",558.51,1988-08-01
"368","Jul 1, 1988",572.35,1988-07-01
"369","Jun 1, 1988",578.19,1988-06-01
"370","May 1, 1988",549.34,1988-05-01
"371","Apr 1, 1988",565.2,1988-04-01
"372","Mar 1, 1988",574.82,1988-03-01
"373","Feb 1, 1988",560.78,1988-02-01
"374","Jan 1, 1988",545.68,1988-01-01
"375","Dec 1, 1987",526.35,1987-12-01
"376","Nov 1, 1987",535.09,1987-11-01
"377","Oct 1, 1987",612.5,1987-10-01
"378","Sep 1, 1987",698.47,1987-09-01
"379","Aug 1, 1987",725.71,1987-08-01
"380","Jul 1, 1987",686.79,1987-07-01
"381","Jun 1, 1987",669.29,1987-06-01
"382","May 1, 1987",644.25,1987-05-01
"383","Apr 1, 1987",646.98,1987-04-01
"384","Mar 1, 1987",657.64,1987-03-01
"385","Feb 1, 1987",634.39,1987-02-01
"386","Jan 1, 1987",599.5,1987-01-01
"387","Dec 1, 1986",567.03,1986-12-01
"388","Nov 1, 1986",559.55,1986-11-01
"389","Oct 1, 1986",542.46,1986-10-01
"390","Sep 1, 1986",545.02,1986-09-01
"391","Aug 1, 1986",562.89,1986-08-01
"392","Jul 1, 1986",552.87,1986-07-01
"393","Jun 1, 1986",564.61,1986-06-01
"394","May 1, 1986",551.98,1986-05-01
"395","Apr 1, 1986",552.35,1986-04-01
"396","Mar 1, 1986",538.13,1986-03-01
"397","Feb 1, 1986",505.92,1986-02-01
"398","Jan 1, 1986",478.78,1986-01-01
"399","Dec 1, 1985",478.02,1985-12-01
"400","Nov 1, 1985",456.67,1985-11-01
"401","Oct 1, 1985",431.73,1985-10-01
"402","Sep 1, 1985",428.44,1985-09-01
"403","Aug 1, 1985",439.43,1985-08-01
"404","Jul 1, 1985",450.07,1985-07-01
"405","Jun 1, 1985",442.47,1985-06-01
"406","May 1, 1985",434.31,1985-05-01
"407","Apr 1, 1985",425.8,1985-04-01
"408","Mar 1, 1985",424.96,1985-03-01
"409","Feb 1, 1985",430.13,1985-02-01
"410","Jan 1, 1985",409.95,1985-01-01
"411","Dec 1, 1984",393.73,1984-12-01
"412","Nov 1, 1984",398.04,1984-11-01
"413","Oct 1, 1984",394.45,1984-10-01
"414","Sep 1, 1984",398.7,1984-09-01
"415","Aug 1, 1984",396.51,1984-08-01
"416","Jul 1, 1984",365.83,1984-07-01
"417","Jun 1, 1984",372.1,1984-06-01
"418","May 1, 1984",381.71,1984-05-01
"419","Apr 1, 1984",385.27,1984-04-01
"420","Mar 1, 1984",386.65,1984-03-01
"421","Feb 1, 1984",387.16,1984-02-01
"422","Jan 1, 1984",411.57,1984-01-01
"423","Dec 1, 1983",409.03,1983-12-01
"424","Nov 1, 1983",411.43,1983-11-01
"425","Oct 1, 1983",418.48,1983-10-01
"426","Sep 1, 1983",418.48,1983-09-01
"427","Aug 1, 1983",408.49,1983-08-01
"428","Jul 1, 1983",421.32,1983-07-01
"429","Jun 1, 1983",421.5,1983-06-01
"430","May 1, 1983",416.93,1983-05-01
"431","Apr 1, 1983",403.11,1983-04-01
"432","Mar 1, 1983",391.06,1983-03-01
"433","Feb 1, 1983",377.93,1983-02-01
"434","Jan 1, 1983",371.87,1983-01-01
"435","Dec 1, 1982",359.98,1982-12-01
"436","Nov 1, 1982",355.17,1982-11-01
"437","Oct 1, 1982",340.58,1982-10-01
"438","Sep 1, 1982",315.11,1982-09-01
"439","Aug 1, 1982",282.99,1982-08-01
"440","Jul 1, 1982",282.8,1982-07-01
"441","Jun 1, 1982",285.04,1982-06-01
"442","May 1, 1982",306.23,1982-05-01
"443","Apr 1, 1982",308.87,1982-04-01
"444","Mar 1, 1982",295.51,1982-03-01
"445","Feb 1, 1982",305.06,1982-02-01
"446","Jan 1, 1982",313.51,1982-01-01
"447","Dec 1, 1981",331.94,1981-12-01
"448","Nov 1, 1981",330.58,1981-11-01
"449","Oct 1, 1981",323.28,1981-10-01
"450","Sep 1, 1981",319.92,1981-09-01
"451","Aug 1, 1981",353.89,1981-08-01
"452","Jul 1, 1981",355.22,1981-07-01
"453","Jun 1, 1981",368.04,1981-06-01
"454","May 1, 1981",369.64,1981-05-01
"455","Apr 1, 1981",380.18,1981-04-01
"456","Mar 1, 1981",379.34,1981-03-01
"457","Feb 1, 1981",368.16,1981-02-01
"458","Jan 1, 1981",385.3,1981-01-01
"459","Dec 1, 1980",389.88,1980-12-01
"460","Nov 1, 1980",400.02,1980-11-01
"461","Oct 1, 1980",386.97,1980-10-01
"462","Sep 1, 1980",379.56,1980-09-01
"463","Aug 1, 1980",373.67,1980-08-01
"464","Jul 1, 1980",365.1,1980-07-01
"465","Jun 1, 1980",349.26,1980-06-01
"466","May 1, 1980",331.84,1980-05-01
"467","Apr 1, 1980",320.49,1980-04-01
"468","Mar 1, 1980",329.44,1980-03-01
"469","Feb 1, 1980",368.31,1980-02-01
"470","Jan 1, 1980",359.27,1980-01-01
"471","Dec 1, 1979",354.23,1979-12-01
"472","Nov 1, 1979",344.35,1979-11-01
"473","Oct 1, 1979",350.24,1979-10-01
"474","Sep 1, 1979",366.91,1979-09-01
"475","Aug 1, 1979",366.79,1979-08-01
"476","Jul 1, 1979",354.09,1979-07-01
"477","Jun 1, 1979",354.53,1979-06-01
"478","May 1, 1979",351.55,1979-05-01
"479","Apr 1, 1979",364.49,1979-04-01
"480","Mar 1, 1979",361.45,1979-03-01
"481","Feb 1, 1979",358.29,1979-02-01
"482","Jan 1, 1979",367.95,1979-01-01
"483","Dec 1, 1978",357.8,1978-12-01
"484","Nov 1, 1978",354.16,1978-11-01
"485","Oct 1, 1978",377.87,1978-10-01
"486","Sep 1, 1978",393.79,1978-09-01
"487","Aug 1, 1978",396.77,1978-08-01
"488","Jul 1, 1978",372.84,1978-07-01
"489","Jun 1, 1978",377.52,1978-06-01
"490","May 1, 1978",380.64,1978-05-01
"491","Apr 1, 1978",365.67,1978-04-01
"492","Mar 1, 1978",353.09,1978-03-01
"493","Feb 1, 1978",356.54,1978-02-01
"494","Jan 1, 1978",363.94,1978-01-01
"495","Dec 1, 1977",380.78,1977-12-01
"496","Nov 1, 1977",383.88,1977-11-01
"497","Oct 1, 1977",383.54,1977-10-01
"498","Sep 1, 1977",395.01,1977-09-01
"499","Aug 1, 1977",402.56,1977-08-01
"500","Jul 1, 1977",414,1977-07-01
"501","Jun 1, 1977",412.27,1977-06-01
"502","May 1, 1977",412.79,1977-05-01
"503","Apr 1, 1977",416.07,1977-04-01
"504","Mar 1, 1977",426.13,1977-03-01
"505","Feb 1, 1977",430.72,1977-02-01
"506","Jan 1, 1977",447.21,1977-01-01
"507","Dec 1, 1976",453.41,1976-12-01
"508","Nov 1, 1976",439.76,1976-11-01
"509","Oct 1, 1976",443.57,1976-10-01
"510","Sep 1, 1976",461.63,1976-09-01
"511","Aug 1, 1976",453.58,1976-08-01
"512","Jul 1, 1976",459.94,1976-07-01
"513","Jun 1, 1976",451.72,1976-06-01
"514","May 1, 1976",451.44,1976-05-01
"515","Apr 1, 1976",457.8,1976-04-01
"516","Mar 1, 1976",455.83,1976-03-01
"517","Feb 1, 1976",454.39,1976-02-01
"518","Jan 1, 1976",439.07,1976-01-01
"519","Dec 1, 1975",402.81,1975-12-01
"520","Nov 1, 1975",410.51,1975-11-01
"521","Oct 1, 1975",406.61,1975-10-01
"522","Sep 1, 1975",390.84,1975-09-01
"523","Aug 1, 1975",397.83,1975-08-01
"524","Jul 1, 1975",430.09,1975-07-01
"525","Jun 1, 1975",434.48,1975-06-01
"526","May 1, 1975",426.85,1975-05-01
"527","Apr 1, 1975",403.64,1975-04-01
"528","Mar 1, 1975",400.68,1975-03-01
"529","Feb 1, 1975",384.54,1975-02-01
"530","Jan 1, 1975",351.01,1975-01-01
"531","Dec 1, 1974",325.71,1974-12-01
"532","Nov 1, 1974",351.09,1974-11-01
"533","Oct 1, 1974",342.5,1974-10-01
"534","Sep 1, 1974",339.3,1974-09-01
"535","Aug 1, 1974",383.25,1974-08-01
"536","Jul 1, 1974",404.64,1974-07-01
"537","Jun 1, 1974",461.85,1974-06-01
"538","May 1, 1974",465.03,1974-05-01
"539","Apr 1, 1974",485.49,1974-04-01
"540","Mar 1, 1974",513.78,1974-03-01
"541","Feb 1, 1974",499,1974-02-01
"542","Jan 1, 1974",519.81,1974-01-01
"543","Dec 1, 1973",517.06,1973-12-01
"544","Nov 1, 1973",560.08,1973-11-01
"545","Oct 1, 1973",606.88,1973-10-01
"546","Sep 1, 1973",588.83,1973-09-01
"547","Aug 1, 1973",580.08,1973-08-01
"548","Jul 1, 1973",601.93,1973-07-01
"549","Jun 1, 1973",597.59,1973-06-01
"550","May 1, 1973",615.45,1973-05-01
"551","Apr 1, 1973",637.61,1973-04-01
"552","Mar 1, 1973",654.25,1973-03-01
"553","Feb 1, 1973",670.93,1973-02-01
"554","Jan 1, 1973",700.5,1973-01-01
"555","Dec 1, 1972",696.81,1972-12-01
"556","Nov 1, 1972",684.19,1972-11-01
"557","Oct 1, 1972",653.03,1972-10-01
"558","Sep 1, 1972",654.94,1972-09-01
"559","Aug 1, 1972",666.1,1972-08-01
"560","Jul 1, 1972",644.83,1972-07-01
"561","Jun 1, 1972",652.76,1972-06-01
"562","May 1, 1972",652.51,1972-05-01
"563","Apr 1, 1972",660.76,1972-04-01
"564","Mar 1, 1972",655.66,1972-03-01
"565","Feb 1, 1972",642,1972-02-01
"566","Jan 1, 1972",633.47,1972-01-01
"567","Dec 1, 1971",608.14,1971-12-01
"568","Nov 1, 1971",571.74,1971-11-01
"569","Oct 1, 1971",599.53,1971-10-01
"570","Sep 1, 1971",614.03,1971-09-01
"571","Aug 1, 1971",600.69,1971-08-01
"572","Jul 1, 1971",613.07,1971-07-01
"573","Jun 1, 1971",619.05,1971-06-01
"574","May 1, 1971",635.41,1971-05-01
"575","Apr 1, 1971",647.38,1971-04-01
"576","Mar 1, 1971",627.57,1971-03-01
"577","Feb 1, 1971",613.42,1971-02-01
"578","Jan 1, 1971",592.04,1971-01-01
"579","Dec 1, 1970",570.25,1970-12-01
"580","Nov 1, 1970",536.41,1970-11-01
"581","Oct 1, 1970",539.71,1970-10-01
"582","Sep 1, 1970",530.95,1970-09-01
"583","Aug 1, 1970",503.56,1970-08-01
"584","Jul 1, 1970",489.34,1970-07-01
"585","Jun 1, 1970",491.02,1970-06-01
"586","May 1, 1970",496.63,1970-05-01
"587","Apr 1, 1970",562.67,1970-04-01
"588","Mar 1, 1970",584.9,1970-03-01
"589","Feb 1, 1970",578.1,1970-02-01
"590","Jan 1, 1970",602.16,1970-01-01
"591","Dec 1, 1969",609.1,1969-12-01
"592","Nov 1, 1969",646.63,1969-11-01
"593","Oct 1, 1969",645.43,1969-10-01
"594","Sep 1, 1969",642.05,1969-09-01
"595","Aug 1, 1969",641.54,1969-08-01
"596","Jul 1, 1969",648.66,1969-07-01
"597","Jun 1, 1969",682.71,1969-06-01
"598","May 1, 1969",724.26,1969-05-01
"599","Apr 1, 1969",703.35,1969-04-01
"600","Mar 1, 1969",693.28,1969-03-01
"601","Feb 1, 1969",714.58,1969-02-01
"602","Jan 1, 1969",722.13,1969-01-01
"603","Dec 1, 1968",756.11,1968-12-01
"604","Nov 1, 1968",750.42,1968-11-01
"605","Oct 1, 1968",741.12,1968-10-01
"606","Sep 1, 1968",727.39,1968-09-01
"607","Aug 1, 1968",706.5,1968-08-01
"608","Jul 1, 1968",724.34,1968-07-01
"609","Jun 1, 1968",729.97,1968-06-01
"610","May 1, 1968",714.98,1968-05-01
"611","Apr 1, 1968",700.94,1968-04-01
"612","Mar 1, 1968",654.64,1968-03-01
"613","Feb 1, 1968",668.79,1968-02-01
"614","Jan 1, 1968",702.45,1968-01-01
"615","Dec 1, 1967",708.53,1967-12-01
"616","Nov 1, 1967",690.94,1967-11-01
"617","Oct 1, 1967",715.43,1967-10-01
"618","Sep 1, 1967",718.68,1967-09-01
"619","Aug 1, 1967",710.9,1967-08-01
"620","Jul 1, 1967",701.86,1967-07-01
"621","Jun 1, 1967",692.01,1967-06-01
"622","May 1, 1967",702.9,1967-05-01
"623","Apr 1, 1967",692.61,1967-04-01
"624","Mar 1, 1967",682.95,1967-03-01
"625","Feb 1, 1967",669.24,1967-02-01
"626","Jan 1, 1967",646.95,1967-01-01
"627","Dec 1, 1966",623.05,1966-12-01
"628","Nov 1, 1966",620.44,1966-11-01
"629","Oct 1, 1966",590.87,1966-10-01
"630","Sep 1, 1966",599.73,1966-09-01
"631","Aug 1, 1966",621.62,1966-08-01
"632","Jul 1, 1966",665.69,1966-07-01
"633","Jun 1, 1966",669.46,1966-06-01
"634","May 1, 1966",677.15,1966-05-01
"635","Apr 1, 1966",714.76,1966-04-01
"636","Mar 1, 1966",697.85,1966-03-01
"637","Feb 1, 1966",730.04,1966-02-01
"638","Jan 1, 1966",739.63,1966-01-01
"639","Dec 1, 1965",727.03,1965-12-01
"640","Nov 1, 1965",732.66,1965-11-01
"641","Oct 1, 1965",726.62,1965-10-01
"642","Sep 1, 1965",712.88,1965-09-01
"643","Aug 1, 1965",689.83,1965-08-01
"644","Jul 1, 1965",677.23,1965-07-01
"645","Jun 1, 1965",678.27,1965-06-01
"646","May 1, 1965",716.62,1965-05-01
"647","Apr 1, 1965",706.11,1965-04-01
"648","Mar 1, 1965",699.18,1965-03-01
"649","Feb 1, 1965",700.78,1965-02-01
"650","Jan 1, 1965",695.69,1965-01-01
"651","Dec 1, 1964",678.24,1964-12-01
"652","Nov 1, 1964",690.2,1964-11-01
"653","Oct 1, 1964",687.63,1964-10-01
"654","Sep 1, 1964",675.96,1964-09-01
"655","Aug 1, 1964",666.68,1964-08-01
"656","Jul 1, 1964",674.42,1964-07-01
"657","Jun 1, 1964",652.37,1964-06-01
"658","May 1, 1964",658.4,1964-05-01
"659","Apr 1, 1964",652.04,1964-04-01
"660","Mar 1, 1964",642.74,1964-03-01
"661","Feb 1, 1964",631.24,1964-02-01
"662","Jan 1, 1964",623.57,1964-01-01
"663","Dec 1, 1963",604.97,1963-12-01
"664","Nov 1, 1963",594.25,1963-11-01
"665","Oct 1, 1963",597.61,1963-10-01
"666","Sep 1, 1963",598.08,1963-09-01
"667","Aug 1, 1963",582.72,1963-08-01
"668","Jul 1, 1963",567.04,1963-07-01
"669","Jun 1, 1963",577.46,1963-06-01
"670","May 1, 1963",579.6,1963-05-01
"671","Apr 1, 1963",568.2,1963-04-01
"672","Mar 1, 1963",542.67,1963-03-01
"673","Feb 1, 1963",546.52,1963-02-01
"674","Jan 1, 1963",539.39,1963-01-01
"675","Dec 1, 1962",519.33,1962-12-01
"676","Nov 1, 1962",497.78,1962-11-01
"677","Oct 1, 1962",465.69,1962-10-01
"678","Sep 1, 1962",480.86,1962-09-01
"679","Aug 1, 1962",486.77,1962-08-01
"680","Jul 1, 1962",473.88,1962-07-01
"681","Jun 1, 1962",464.27,1962-06-01
"682","May 1, 1962",525.69,1962-05-01
"683","Apr 1, 1962",567.92,1962-04-01
"684","Mar 1, 1962",588.56,1962-03-01
"685","Feb 1, 1962",587.98,1962-02-01
"686","Jan 1, 1962",580.28,1962-01-01
"687","Dec 1, 1961",602.71,1961-12-01
"688","Nov 1, 1961",597.16,1961-11-01
"689","Oct 1, 1961",571.29,1961-10-01
"690","Sep 1, 1961",565.07,1961-09-01
"691","Aug 1, 1961",571.43,1961-08-01
"692","Jul 1, 1961",549.78,1961-07-01
"693","Jun 1, 1961",554.99,1961-06-01
"694","May 1, 1961",562.43,1961-05-01
"695","Apr 1, 1961",556.77,1961-04-01
"696","Mar 1, 1961",542.3,1961-03-01
"697","Feb 1, 1961",525.81,1961-02-01
"698","Jan 1, 1961",505.09,1961-01-01
"699","Dec 1, 1960",480.39,1960-12-01
"700","Nov 1, 1960",469.15,1960-11-01
"701","Oct 1, 1960",454.43,1960-10-01
"702","Sep 1, 1960",466.7,1960-09-01
"703","Aug 1, 1960",481.17,1960-08-01
"704","Jul 1, 1960",475.47,1960-07-01
"705","Jun 1, 1960",487.56,1960-06-01
"706","May 1, 1960",471.78,1960-05-01
"707","Apr 1, 1960",476.14,1960-04-01
"708","Mar 1, 1960",471.67,1960-03-01
"709","Feb 1, 1960",478.19,1960-02-01
"710","Jan 1, 1960",499.17,1960-01-01
"711","Dec 1, 1959",506.3,1959-12-01
"712","Nov 1, 1959",490.62,1959-11-01
"713","Oct 1, 1959",488.65,1959-10-01
"714","Sep 1, 1959",490.74,1959-09-01
"715","Aug 1, 1959",512.71,1959-08-01
"716","Jul 1, 1959",515.64,1959-07-01
"717","Jun 1, 1959",497.67,1959-06-01
"718","May 1, 1959",503.73,1959-05-01
"719","Apr 1, 1959",496.25,1959-04-01
"720","Mar 1, 1959",489.77,1959-03-01
"721","Feb 1, 1959",477.65,1959-02-01
"722","Jan 1, 1959",483.39,1959-01-01
"723","Dec 1, 1958",466.49,1958-12-01
"724","Nov 1, 1958",456.28,1958-11-01
"725","Oct 1, 1958",444.34,1958-10-01
"726","Sep 1, 1958",426.98,1958-09-01
"727","Aug 1, 1958",415.99,1958-08-01
"728","Jul 1, 1958",399.61,1958-07-01
"729","Jun 1, 1958",390.27,1958-06-01
"730","May 1, 1958",381.11,1958-05-01
"731","Apr 1, 1958",369.25,1958-04-01
"732","Mar 1, 1958",368.52,1958-03-01
"733","Feb 1, 1958",363.6,1958-02-01
"734","Jan 1, 1958",362.37,1958-01-01
"735","Dec 1, 1957",357.91,1957-12-01
"736","Nov 1, 1957",358.09,1957-11-01
"737","Oct 1, 1957",367.28,1957-10-01
"738","Sep 1, 1957",391.68,1957-09-01
"739","Aug 1, 1957",408.25,1957-08-01
"740","Jul 1, 1957",432.03,1957-07-01
"741","Jun 1, 1957",426.49,1957-06-01
"742","May 1, 1957",421.08,1957-05-01
"743","Apr 1, 1957",406.96,1957-04-01
"744","Mar 1, 1957",399.18,1957-03-01
"745","Feb 1, 1957",395.53,1957-02-01
"746","Jan 1, 1957",414.86,1957-01-01
"747","Dec 1, 1956",424.08,1956-12-01
"748","Nov 1, 1956",419.39,1956-11-01
"749","Oct 1, 1956",423.79,1956-10-01
"750","Sep 1, 1956",430.86,1956-09-01
"751","Aug 1, 1956",447.67,1956-08-01
"752","Jul 1, 1956",448.7,1956-07-01
"753","Jun 1, 1956",428.74,1956-06-01
"754","May 1, 1956",434.44,1956-05-01
"755","Apr 1, 1956",450.2,1956-04-01
"756","Mar 1, 1956",446.62,1956-03-01
"757","Feb 1, 1956",417.84,1956-02-01
"758","Jan 1, 1956",415.2,1956-01-01
"759","Dec 1, 1955",426.68,1955-12-01
"760","Nov 1, 1955",421.16,1955-11-01
"761","Oct 1, 1955",394.55,1955-10-01
"762","Sep 1, 1955",415.44,1955-09-01
"763","Aug 1, 1955",399.03,1955-08-01
"764","Jul 1, 1955",401.47,1955-07-01
"765","Jun 1, 1955",375.51,1955-06-01
"766","May 1, 1955",354.93,1955-05-01
"767","Apr 1, 1955",356.44,1955-04-01
"768","Mar 1, 1955",344.55,1955-03-01
"769","Feb 1, 1955",347.28,1955-02-01
"770","Jan 1, 1955",336.05,1955-01-01
"771","Dec 1, 1954",330.1,1954-12-01
"772","Nov 1, 1954",314.48,1954-11-01
"773","Oct 1, 1954",302.63,1954-10-01
"774","Sep 1, 1954",295.77,1954-09-01
"775","Aug 1, 1954",287.92,1954-08-01
"776","Jul 1, 1954",282.3,1954-07-01
"777","Jun 1, 1954",271.34,1954-06-01
"778","May 1, 1954",269.18,1954-05-01
"779","Apr 1, 1954",259.84,1954-04-01
"780","Mar 1, 1954",248.95,1954-03-01
"781","Feb 1, 1954",243.79,1954-02-01
"782","Jan 1, 1954",238.55,1954-01-01
"783","Dec 1, 1953",232.64,1953-12-01
"784","Nov 1, 1953",229.55,1953-11-01
"785","Oct 1, 1953",223.75,1953-10-01
"786","Sep 1, 1953",218.03,1953-09-01
"787","Aug 1, 1953",228.52,1953-08-01
"788","Jul 1, 1953",228.43,1953-07-01
"789","Jun 1, 1953",225.24,1953-06-01
"790","May 1, 1953",234.48,1953-05-01
"791","Apr 1, 1953",234.13,1953-04-01
"792","Mar 1, 1953",246.26,1953-03-01
"793","Feb 1, 1953",245.95,1953-02-01
"794","Jan 1, 1953",248.06,1953-01-01
"795","Dec 1, 1952",245.81,1952-12-01
"796","Nov 1, 1952",236.27,1952-11-01
"797","Oct 1, 1952",229.01,1952-10-01
"798","Sep 1, 1952",233.91,1952-09-01
"799","Aug 1, 1952",237.69,1952-08-01
"800","Jul 1, 1952",236.75,1952-07-01
"801","Jun 1, 1952",231.87,1952-06-01
"802","May 1, 1952",226.55,1952-05-01
"803","Apr 1, 1952",226.64,1952-04-01
"804","Mar 1, 1952",228.18,1952-03-01
"805","Feb 1, 1952",227.6,1952-02-01
"806","Jan 1, 1952",230.07,1952-01-01
"807","Dec 1, 1951",222.65,1951-12-01
"808","Nov 1, 1951",216.81,1951-11-01
"809","Oct 1, 1951",224.72,1951-10-01
"810","Sep 1, 1951",226.74,1951-09-01
"811","Aug 1, 1951",222.75,1951-08-01
"812","Jul 1, 1951",213.41,1951-07-01
"813","Jun 1, 1951",209.71,1951-06-01
"814","May 1, 1951",213.41,1951-05-01
"815","Apr 1, 1951",214.13,1951-04-01
"816","Mar 1, 1951",211.3,1951-03-01
"817","Feb 1, 1951",215.75,1951-02-01
"818","Jan 1, 1951",210.46,1951-01-01
"819","Dec 1, 1950",199.11,1950-12-01
"820","Nov 1, 1950",202.34,1950-11-01
"821","Oct 1, 1950",203.58,1950-10-01
"822","Sep 1, 1950",197.09,1950-09-01
"823","Aug 1, 1950",191.15,1950-08-01
"824","Jul 1, 1950",181.76,1950-07-01
"825","Jun 1, 1950",198.45,1950-06-01
"826","May 1, 1950",196.1,1950-05-01
"827","Apr 1, 1950",190.52,1950-04-01
"828","Mar 1, 1950",185.29,1950-03-01
"829","Feb 1, 1950",184.58,1950-02-01
"830","Jan 1, 1950",181.04,1950-01-01
"831","Dec 1, 1949",176.64,1949-12-01
"832","Nov 1, 1949",170.6,1949-11-01
"833","Oct 1, 1949",168.98,1949-10-01
"834","Sep 1, 1949",163.35,1949-09-01
"835","Aug 1, 1949",161.92,1949-08-01
"836","Jul 1, 1949",156.97,1949-07-01
"837","Jun 1, 1949",147.32,1949-06-01
"838","May 1, 1949",156.52,1949-05-01
"839","Apr 1, 1949",157.02,1949-04-01
"840","Mar 1, 1949",157.89,1949-03-01
"841","Feb 1, 1949",156.41,1949-02-01
"842","Jan 1, 1949",161.3,1949-01-01
"843","Dec 1, 1948",158.86,1948-12-01
"844","Nov 1, 1948",159.24,1948-11-01
"845","Oct 1, 1948",167.23,1948-10-01
"846","Sep 1, 1948",162.13,1948-09-01
"847","Aug 1, 1948",163.98,1948-08-01
"848","Jul 1, 1948",169.61,1948-07-01
"849","Jun 1, 1948",175.9,1948-06-01
"850","May 1, 1948",170.31,1948-05-01
"851","Apr 1, 1948",163.08,1948-04-01
"852","Mar 1, 1948",154.02,1948-03-01
"853","Feb 1, 1948",151.22,1948-02-01
"854","Jan 1, 1948",157.71,1948-01-01
"855","Dec 1, 1947",161.89,1947-12-01
"856","Nov 1, 1947",166.61,1947-11-01
"857","Oct 1, 1947",169.3,1947-10-01
"858","Sep 1, 1947",165.03,1947-09-01
"859","Aug 1, 1947",173.18,1947-08-01
"860","Jul 1, 1947",179.04,1947-07-01
"861","Jun 1, 1947",170.01,1947-06-01
"862","May 1, 1947",165.03,1947-05-01
"863","Apr 1, 1947",168.03,1947-04-01
"864","Mar 1, 1947",174.47,1947-03-01
"865","Feb 1, 1947",185.22,1947-02-01
"866","Jan 1, 1947",178.3,1947-01-01
"867","Dec 1, 1946",177.36,1946-12-01
"868","Nov 1, 1946",173.82,1946-11-01
"869","Oct 1, 1946",178.73,1946-10-01
"870","Sep 1, 1946",186.43,1946-09-01
"871","Aug 1, 1946",220.85,1946-08-01
"872","Jul 1, 1946",229.76,1946-07-01
"873","Jun 1, 1946",250.42,1946-06-01
"874","May 1, 1946",254.76,1946-05-01
"875","Apr 1, 1946",255.6,1946-04-01
"876","Mar 1, 1946",241.43,1946-03-01
"877","Feb 1, 1946",251.62,1946-02-01
"878","Jan 1, 1946",249.55,1946-01-01
"879","Dec 1, 1945",239.99,1945-12-01
"880","Nov 1, 1945",237.28,1945-11-01
"881","Oct 1, 1945",229.76,1945-10-01
"882","Sep 1, 1945",220.57,1945-09-01
"883","Aug 1, 1945",206.5,1945-08-01
"884","Jul 1, 1945",205.81,1945-07-01
"885","Jun 1, 1945",210.12,1945-06-01
"886","May 1, 1945",208.67,1945-05-01
"887","Apr 1, 1945",202.2,1945-04-01
"888","Mar 1, 1945",197.24,1945-03-01
"889","Feb 1, 1945",197.38,1945-02-01
"890","Jan 1, 1945",191.01,1945-01-01
"891","Dec 1, 1944",185.49,1944-12-01
"892","Nov 1, 1944",182.55,1944-11-01
"893","Oct 1, 1944",183.83,1944-10-01
"894","Sep 1, 1944",179.42,1944-09-01
"895","Aug 1, 1944",182.41,1944-08-01
"896","Jul 1, 1944",185.11,1944-07-01
"897","Jun 1, 1944",181.44,1944-06-01
"898","May 1, 1944",174.27,1944-05-01
"899","Apr 1, 1944",171.24,1944-04-01
"900","Mar 1, 1944",175.27,1944-03-01
"901","Feb 1, 1944",170.49,1944-02-01
"902","Jan 1, 1944",171.65,1944-01-01
"903","Dec 1, 1943",166.29,1943-12-01
"904","Nov 1, 1943",164.11,1943-11-01
"905","Oct 1, 1943",172.08,1943-10-01
"906","Sep 1, 1943",173.67,1943-09-01
"907","Aug 1, 1943",171.04,1943-08-01
"908","Jul 1, 1943",178.89,1943-07-01
"909","Jun 1, 1943",174.27,1943-06-01
"910","May 1, 1943",171.24,1943-05-01
"911","Apr 1, 1943",165.71,1943-04-01
"912","Mar 1, 1943",162.21,1943-03-01
"913","Feb 1, 1943",159.43,1943-02-01
"914","Jan 1, 1943",150.48,1943-01-01
"915","Dec 1, 1942",141.98,1942-12-01
"916","Nov 1, 1942",142.07,1942-11-01
"917","Oct 1, 1942",140.66,1942-10-01
"918","Sep 1, 1942",132.59,1942-09-01
"919","Aug 1, 1942",131.21,1942-08-01
"920","Jul 1, 1942",132.78,1942-07-01
"921","Jun 1, 1942",128.8,1942-06-01
"922","May 1, 1942",122.62,1942-05-01
"923","Apr 1, 1942",122.73,1942-04-01
"924","Mar 1, 1942",128.85,1942-03-01
"925","Feb 1, 1942",137.98,1942-02-01
"926","Jan 1, 1942",143.36,1942-01-01
"927","Dec 1, 1941",142.44,1941-12-01
"928","Nov 1, 1941",153.35,1941-11-01
"929","Oct 1, 1941",161.93,1941-10-01
"930","Sep 1, 1941",170.92,1941-09-01
"931","Aug 1, 1941",172.71,1941-08-01
"932","Jul 1, 1941",175.91,1941-07-01
"933","Jun 1, 1941",167.34,1941-06-01
"934","May 1, 1941",165.05,1941-05-01
"935","Apr 1, 1941",169.91,1941-04-01
"936","Mar 1, 1941",176.6,1941-03-01
"937","Feb 1, 1941",176.78,1941-02-01
"938","Jan 1, 1941",188.58,1941-01-01
"939","Dec 1, 1940",188.22,1940-12-01
"940","Nov 1, 1940",197.67,1940-11-01
"941","Oct 1, 1940",193.17,1940-10-01
"942","Sep 1, 1940",191.37,1940-09-01
"943","Aug 1, 1940",183.63,1940-08-01
"944","Jul 1, 1940",179.85,1940-07-01
"945","Jun 1, 1940",172.85,1940-06-01
"946","May 1, 1940",190.47,1940-05-01
"947","Apr 1, 1940",220.89,1940-04-01
"948","Mar 1, 1940",218.73,1940-03-01
"949","Feb 1, 1940",219.99,1940-02-01
"950","Jan 1, 1940",223.03,1940-01-01
"951","Dec 1, 1939",222.69,1939-12-01
"952","Nov 1, 1939",228.09,1939-11-01
"953","Oct 1, 1939",232.24,1939-10-01
"954","Sep 1, 1939",228.26,1939-09-01
"955","Aug 1, 1939",210.76,1939-08-01
"956","Jul 1, 1939",213.87,1939-07-01
"957","Jun 1, 1939",208.75,1939-06-01
"958","May 1, 1939",205.1,1939-05-01
"959","Apr 1, 1939",197.8,1939-04-01
"960","Mar 1, 1939",224.66,1939-03-01
"961","Feb 1, 1939",224.84,1939-02-01
"962","Jan 1, 1939",225.03,1939-01-01
"963","Dec 1, 1938",228.45,1938-12-01
"964","Nov 1, 1938",235.3,1938-11-01
"965","Oct 1, 1938",235.12,1938-10-01
"966","Sep 1, 1938",210.03,1938-09-01
"967","Aug 1, 1938",220.04,1938-08-01
"968","Jul 1, 1938",218.79,1938-07-01
"969","Jun 1, 1938",182.5,1938-06-01
"970","May 1, 1938",178.39,1938-05-01
"971","Apr 1, 1938",175.54,1938-04-01
"972","Mar 1, 1938",184.29,1938-03-01
"973","Feb 1, 1938",197.34,1938-02-01
"974","Jan 1, 1938",200.74,1938-01-01
"975","Dec 1, 1937",192.88,1937-12-01
"976","Nov 1, 1937",194.68,1937-11-01
"977","Oct 1, 1937",211.99,1937-10-01
"978","Sep 1, 1937",248.07,1937-09-01
"979","Aug 1, 1937",290.97,1937-08-01
"980","Jul 1, 1937",288.02,1937-07-01
"981","Jun 1, 1937",273.74,1937-06-01
"982","May 1, 1937",284.42,1937-05-01
"983","Apr 1, 1937",299.8,1937-04-01
"984","Mar 1, 1937",321.08,1937-03-01
"985","Feb 1, 1937",323.72,1937-02-01
"986","Jan 1, 1937",314.42,1937-01-01
"987","Dec 1, 1936",307.13,1936-12-01
"988","Nov 1, 1936",312.53,1936-11-01
"989","Oct 1, 1936",304.07,1936-10-01
"990","Sep 1, 1936",288.94,1936-09-01
"991","Aug 1, 1936",285.7,1936-08-01
"992","Jul 1, 1936",282.14,1936-07-01
"993","Jun 1, 1936",268.29,1936-06-01
"994","May 1, 1936",259.21,1936-05-01
"995","Apr 1, 1936",273.75,1936-04-01
"996","Mar 1, 1936",273.38,1936-03-01
"997","Feb 1, 1936",265.74,1936-02-01
"998","Jan 1, 1936",251.31,1936-01-01
"999","Dec 1, 1935",238.16,1935-12-01
"1000","Nov 1, 1935",238.16,1935-11-01
"1001","Oct 1, 1935",219.29,1935-10-01
"1002","Sep 1, 1935",213.59,1935-09-01
"1003","Aug 1, 1935",209.17,1935-08-01
"1004","Jul 1, 1935",195.93,1935-07-01
"1005","Jun 1, 1935",186.18,1935-06-01
"1006","May 1, 1935",178.07,1935-05-01
"1007","Apr 1, 1935",165.1,1935-04-01
"1008","Mar 1, 1935",154.72,1935-03-01
"1009","Feb 1, 1935",165.2,1935-02-01
"1010","Jan 1, 1935",171.61,1935-01-01
"1011","Dec 1, 1934",174.17,1934-12-01
"1012","Nov 1, 1934",171.76,1934-11-01
"1013","Oct 1, 1934",167.09,1934-10-01
"1014","Sep 1, 1934",164.57,1934-09-01
"1015","Aug 1, 1934",171.16,1934-08-01
"1016","Jul 1, 1934",178.12,1934-07-01
"1017","Jun 1, 1934",186.96,1934-06-01
"1018","May 1, 1934",185.9,1934-05-01
"1019","Apr 1, 1934",206.94,1934-04-01
"1020","Mar 1, 1934",203.53,1934-03-01
"1021","Feb 1, 1934",214.52,1934-02-01
"1022","Jan 1, 1934",201.25,1934-01-01
"1023","Dec 1, 1933",190.37,1933-12-01
"1024","Nov 1, 1933",186.74,1933-11-01
"1025","Oct 1, 1933",182.35,1933-10-01
"1026","Sep 1, 1933",202.01,1933-09-01
"1027","Aug 1, 1933",203.73,1933-08-01
"1028","Jul 1, 1933",216.06,1933-07-01
"1029","Jun 1, 1933",206.19,1933-06-01
"1030","May 1, 1933",177.43,1933-05-01
"1031","Apr 1, 1933",137.82,1933-04-01
"1032","Mar 1, 1933",124.62,1933-03-01
"1033","Feb 1, 1933",124.03,1933-02-01
"1034","Jan 1, 1933",138.52,1933-01-01
"1035","Dec 1, 1932",131.21,1932-12-01
"1036","Nov 1, 1932",134.61,1932-11-01
"1037","Oct 1, 1932",134.93,1932-10-01
"1038","Sep 1, 1932",155.36,1932-09-01
"1039","Aug 1, 1932",140.58,1932-08-01
"1040","Jul 1, 1932",92.85,1932-07-01
"1041","Jun 1, 1932",88.4,1932-06-01
"1042","May 1, 1932",101.37,1932-05-01
"1043","Apr 1, 1932",113.87,1932-04-01
"1044","Mar 1, 1932",148.7,1932-03-01
"1045","Feb 1, 1932",147.11,1932-02-01
"1046","Jan 1, 1932",146.29,1932-01-01
"1047","Dec 1, 1931",145.7,1931-12-01
"1048","Nov 1, 1931",178.14,1931-11-01
"1049","Oct 1, 1931",173.38,1931-10-01
"1050","Sep 1, 1931",198.77,1931-09-01
"1051","Aug 1, 1931",232.01,1931-08-01
"1052","Jul 1, 1931",239.19,1931-07-01
"1053","Jun 1, 1931",231.51,1931-06-01
"1054","May 1, 1931",236.06,1931-05-01
"1055","Apr 1, 1931",257.89,1931-04-01
"1056","Mar 1, 1931",283.22,1931-03-01
"1057","Feb 1, 1931",276.12,1931-02-01
"1058","Jan 1, 1931",253.31,1931-01-01
"1059","Dec 1, 1930",242.8,1930-12-01
"1060","Nov 1, 1930",255.42,1930-11-01
"1061","Oct 1, 1930",273.73,1930-10-01
"1062","Sep 1, 1930",315.5,1930-09-01
"1063","Aug 1, 1930",317.57,1930-08-01
"1064","Jul 1, 1930",319.75,1930-07-01
"1065","Jun 1, 1930",322.85,1930-06-01
"1066","May 1, 1930",357.03,1930-05-01
"1067","Apr 1, 1930",377.46,1930-04-01
"1068","Mar 1, 1930",357.03,1930-03-01
"1069","Feb 1, 1930",342.03,1930-02-01
"1070","Jan 1, 1930",319.99,1930-01-01
"1071","Dec 1, 1929",313.58,1929-12-01
"1072","Nov 1, 1929",299.82,1929-11-01
"1073","Oct 1, 1929",407.78,1929-10-01
"1074","Sep 1, 1929",456,1929-09-01
"1075","Aug 1, 1929",438.52,1929-08-01
"1076","Jul 1, 1929",414.92,1929-07-01
"1077","Jun 1, 1929",385.43,1929-06-01
"1078","May 1, 1929",380.43,1929-05-01
"1079","Apr 1, 1929",377.01,1929-04-01
"1080","Mar 1, 1929",377.02,1929-03-01
"1081","Feb 1, 1929",368.33,1929-02-01
"1082","Jan 1, 1929",366.41,1929-01-01
"1083","Dec 1, 1928",341.21,1928-12-01
"1084","Nov 1, 1928",337.91,1928-11-01
"1085","Oct 1, 1928",316.51,1928-10-01
"1086","Sep 1, 1928",308.42,1928-09-01
"1087","Aug 1, 1928",291.54,1928-08-01
"1088","Jul 1, 1928",282.4,1928-07-01
"1089","Jun 1, 1928",280.34,1928-06-01
"1090","May 1, 1928",293.07,1928-05-01
"1091","Apr 1, 1928",285.94,1928-04-01
"1092","Mar 1, 1928",268.99,1928-03-01
"1093","Feb 1, 1928",255.28,1928-02-01
"1094","Jan 1, 1928",255.39,1928-01-01
"1095","Dec 1, 1927",254.37,1927-12-01
"1096","Nov 1, 1927",248.54,1927-11-01
"1097","Oct 1, 1927",241.61,1927-10-01
"1098","Sep 1, 1927",246.79,1927-09-01
"1099","Aug 1, 1927",234.89,1927-08-01
"1100","Jul 1, 1927",221.74,1927-07-01
"1101","Jun 1, 1927",213.23,1927-06-01
"1102","May 1, 1927",212.93,1927-05-01
"1103","Apr 1, 1927",207.02,1927-04-01
"1104","Mar 1, 1927",202.07,1927-03-01
"1105","Feb 1, 1927",197.86,1927-02-01
"1106","Jan 1, 1927",192.99,1927-01-01
"1107","Dec 1, 1926",192.09,1926-12-01
"1108","Nov 1, 1926",187.82,1926-11-01
"1109","Oct 1, 1926",186.45,1926-10-01
"1110","Sep 1, 1926",191.84,1926-09-01
"1111","Aug 1, 1926",190.04,1926-08-01
"1112","Jul 1, 1926",181.76,1926-07-01
"1113","Jun 1, 1926",172.44,1926-06-01
"1114","May 1, 1926",163.68,1926-05-01
"1115","Apr 1, 1926",161.64,1926-04-01
"1116","Mar 1, 1926",167.22,1926-03-01
"1117","Feb 1, 1926",178.4,1926-02-01
"1118","Jan 1, 1926",178.12,1926-01-01
"1119","Dec 1, 1925",175.44,1925-12-01
"1120","Nov 1, 1925",171.67,1925-11-01
"1121","Oct 1, 1925",169.31,1925-10-01
"1122","Sep 1, 1925",163.9,1925-09-01
"1123","Aug 1, 1925",160.19,1925-08-01
"1124","Jul 1, 1925",158.06,1925-07-01
"1125","Jun 1, 1925",155.54,1925-06-01
"1126","May 1, 1925",154.57,1925-05-01
"1127","Apr 1, 1925",150.64,1925-04-01
"1128","Mar 1, 1925",151.37,1925-03-01
"1129","Feb 1, 1925",156.35,1925-02-01
"1130","Jan 1, 1925",154.14,1925-01-01
"1131","Dec 1, 1924",148.02,1924-12-01
"1132","Nov 1, 1924",141.26,1924-11-01
"1133","Oct 1, 1924",133.79,1924-10-01
"1134","Sep 1, 1924",136.34,1924-09-01
"1135","Aug 1, 1924",138.47,1924-08-01
"1136","Jul 1, 1924",133.09,1924-07-01
"1137","Jun 1, 1924",127.95,1924-06-01
"1138","May 1, 1924",125.57,1924-05-01
"1139","Apr 1, 1924",126.02,1924-04-01
"1140","Mar 1, 1924",128.23,1924-03-01
"1141","Feb 1, 1924",129.98,1924-02-01
"1142","Jan 1, 1924",128.64,1924-01-01
"1143","Dec 1, 1923",124.56,1923-12-01
"1144","Nov 1, 1923",120.48,1923-11-01
"1145","Oct 1, 1923",116.99,1923-10-01
"1146","Sep 1, 1923",119.42,1923-09-01
"1147","Aug 1, 1923",119.39,1923-08-01
"1148","Jul 1, 1923",118.11,1923-07-01
"1149","Jun 1, 1923",123.65,1923-06-01
"1150","May 1, 1923",129.3,1923-05-01
"1151","Apr 1, 1923",135.71,1923-04-01
"1152","Mar 1, 1923",141.47,1923-03-01
"1153","Feb 1, 1923",139.22,1923-02-01
"1154","Jan 1, 1923",133.52,1923-01-01
"1155","Dec 1, 1922",130.94,1922-12-01
"1156","Nov 1, 1922",132.02,1922-11-01
"1157","Oct 1, 1922",139.75,1922-10-01
"1158","Sep 1, 1922",137.56,1922-09-01
"1159","Aug 1, 1922",134.07,1922-08-01
"1160","Jul 1, 1922",127.67,1922-07-01
"1161","Jun 1, 1922",127.53,1922-06-01
"1162","May 1, 1922",128.74,1922-05-01
"1163","Apr 1, 1922",123.91,1922-04-01
"1164","Mar 1, 1922",116.81,1922-03-01
"1165","Feb 1, 1922",111.25,1922-02-01
"1166","Jan 1, 1922",108.87,1922-01-01
"1167","Dec 1, 1921",106.5,1921-12-01
"1168","Nov 1, 1921",102.26,1921-11-01
"1169","Oct 1, 1921",96.49,1921-10-01
"1170","Sep 1, 1921",95.2,1921-09-01
"1171","Aug 1, 1921",91.84,1921-08-01
"1172","Jul 1, 1921",92.98,1921-07-01
"1173","Jun 1, 1921",93.8,1921-06-01
"1174","May 1, 1921",101.38,1921-05-01
"1175","Apr 1, 1921",96.22,1921-04-01
"1176","Mar 1, 1921",94.76,1921-03-01
"1177","Feb 1, 1921",96.71,1921-02-01
"1178","Jan 1, 1921",94.32,1921-01-01
"1179","Dec 1, 1920",88.47,1920-12-01
"1180","Nov 1, 1920",95.21,1920-11-01
"1181","Oct 1, 1920",99.8,1920-10-01
"1182","Sep 1, 1920",99.18,1920-09-01
"1183","Aug 1, 1920",94.36,1920-08-01
"1184","Jul 1, 1920",95.85,1920-07-01
"1185","Jun 1, 1920",95.51,1920-06-01
"1186","May 1, 1920",98.61,1920-05-01
"1187","Apr 1, 1920",106.77,1920-04-01
"1188","Mar 1, 1920",110.92,1920-03-01
"1189","Feb 1, 1920",104.69,1920-02-01
"1190","Jan 1, 1920",115.31,1920-01-01
"1191","Dec 1, 1919",118.95,1919-12-01
"1192","Nov 1, 1919",125.2,1919-11-01
"1193","Oct 1, 1919",131.87,1919-10-01
"1194","Sep 1, 1919",127.58,1919-09-01
"1195","Aug 1, 1919",126.3,1919-08-01
"1196","Jul 1, 1919",137.75,1919-07-01
"1197","Jun 1, 1919",137.35,1919-06-01
"1198","May 1, 1919",133.77,1919-05-01
"1199","Apr 1, 1919",126.62,1919-04-01
"1200","Mar 1, 1919",124.79,1919-03-01
"1201","Feb 1, 1919",122.6,1919-02-01
"1202","Jan 1, 1919",119.91,1919-01-01
"1203","Dec 1, 1918",120.67,1918-12-01
"1204","Nov 1, 1918",124.63,1918-11-01
"1205","Oct 1, 1918",123.81,1918-10-01
"1206","Sep 1, 1918",121.04,1918-09-01
"1207","Aug 1, 1918",124.06,1918-08-01
"1208","Jul 1, 1918",125.35,1918-07-01
"1209","Jun 1, 1918",127.73,1918-06-01
"1210","May 1, 1918",129.32,1918-05-01
"1211","Apr 1, 1918",127.97,1918-04-01
"1212","Mar 1, 1918",131.06,1918-03-01
"1213","Feb 1, 1918",132.81,1918-02-01
"1214","Jan 1, 1918",129.8,1918-01-01
"1215","Dec 1, 1917",125.1,1917-12-01
"1216","Nov 1, 1917",131.43,1917-11-01
"1217","Oct 1, 1917",143.38,1917-10-01
"1218","Sep 1, 1917",153.88,1917-09-01
"1219","Aug 1, 1917",165.38,1917-08-01
"1220","Jul 1, 1917",173.08,1917-07-01
"1221","Jun 1, 1917",175.26,1917-06-01
"1222","May 1, 1917",174.46,1917-05-01
"1223","Apr 1, 1917",183.43,1917-04-01
"1224","Mar 1, 1917",195.54,1917-03-01
"1225","Feb 1, 1917",189.66,1917-02-01
"1226","Jan 1, 1917",206.15,1917-01-01
"1227","Dec 1, 1916",212.93,1916-12-01
"1228","Nov 1, 1916",223.77,1916-11-01
"1229","Oct 1, 1916",222.6,1916-10-01
"1230","Sep 1, 1916",219.8,1916-09-01
"1231","Aug 1, 1916",215.04,1916-08-01
"1232","Jul 1, 1916",215.4,1916-07-01
"1233","Jun 1, 1916",218.43,1916-06-01
"1234","May 1, 1916",218.35,1916-05-01
"1235","Apr 1, 1916",215.66,1916-04-01
"1236","Mar 1, 1916",220.11,1916-03-01
"1237","Feb 1, 1916",222.96,1916-02-01
"1238","Jan 1, 1916",226.11,1916-01-01
"1239","Dec 1, 1915",231.97,1915-12-01
"1240","Nov 1, 1915",231.48,1915-11-01
"1241","Oct 1, 1915",225.85,1915-10-01
"1242","Sep 1, 1915",216.1,1915-09-01
"1243","Aug 1, 1915",208.37,1915-08-01
"1244","Jul 1, 1915",199.88,1915-07-01
"1245","Jun 1, 1915",200.63,1915-06-01
"1246","May 1, 1915",198.39,1915-05-01
"1247","Apr 1, 1915",205.16,1915-04-01
"1248","Mar 1, 1915",192.72,1915-03-01
"1249","Feb 1, 1915",186,1915-02-01
"1250","Jan 1, 1915",186.66,1915-01-01
"1251","Dec 1, 1914",183.41,1914-12-01
"1252","Nov 1, 1914",189.77,1914-11-01
"1253","Oct 1, 1914",191.65,1914-10-01
"1254","Sep 1, 1914",189.77,1914-09-01
"1255","Aug 1, 1914",189.77,1914-08-01
"1256","Jul 1, 1914",193.57,1914-07-01
"1257","Jun 1, 1914",206.98,1914-06-01
"1258","May 1, 1914",207.99,1914-05-01
"1259","Apr 1, 1914",208.83,1914-04-01
"1260","Mar 1, 1914",211.81,1914-03-01
"1261","Feb 1, 1914",215.89,1914-02-01
"1262","Jan 1, 1914",210.96,1914-01-01
"1263","Dec 1, 1913",202.64,1913-12-01
"1264","Nov 1, 1913",200.88,1913-11-01
"1265","Oct 1, 1913",208.18,1913-10-01
"1266","Sep 1, 1913",214.99,1913-09-01
"1267","Aug 1, 1913",215.12,1913-08-01
"1268","Jul 1, 1913",209.52,1913-07-01
"1269","Jun 1, 1913",208.83,1913-06-01
"1270","May 1, 1913",222.16,1913-05-01
"1271","Apr 1, 1913",226.06,1913-04-01
"1272","Mar 1, 1913",226.32,1913-03-01
"1273","Feb 1, 1913",230.69,1913-02-01
"1274","Jan 1, 1913",239.18,1913-01-01
"1275","Dec 1, 1912",243.72,1912-12-01
"1276","Nov 1, 1912",250.24,1912-11-01
"1277","Oct 1, 1912",253.07,1912-10-01
"1278","Sep 1, 1912",253.58,1912-09-01
"1279","Aug 1, 1912",254.9,1912-08-01
"1280","Jul 1, 1912",251.51,1912-07-01
"1281","Jun 1, 1912",251.25,1912-06-01
"1282","May 1, 1912",248.92,1912-05-01
"1283","Apr 1, 1912",249.18,1912-04-01
"1284","Mar 1, 1912",248.83,1912-03-01
"1285","Feb 1, 1912",246.85,1912-02-01
"1286","Jan 1, 1912",251.76,1912-01-01
"1287","Dec 1, 1911",253.99,1911-12-01
"1288","Nov 1, 1911",250.38,1911-11-01
"1289","Oct 1, 1911",238.11,1911-10-01
"1290","Sep 1, 1911",236.75,1911-09-01
"1291","Aug 1, 1911",253.14,1911-08-01
"1292","Jul 1, 1911",274.25,1911-07-01
"1293","Jun 1, 1911",278.54,1911-06-01
"1294","May 1, 1911",273.07,1911-05-01
"1295","Apr 1, 1911",267.3,1911-04-01
"1296","Mar 1, 1911",259.84,1911-03-01
"1297","Feb 1, 1911",265.85,1911-02-01
"1298","Jan 1, 1911",253.13,1911-01-01
"1299","Dec 1, 1910",247.12,1910-12-01
"1300","Nov 1, 1910",254.22,1910-11-01
"1301","Oct 1, 1910",249.36,1910-10-01
"1302","Sep 1, 1910",231.51,1910-09-01
"1303","Aug 1, 1910",227.61,1910-08-01
"1304","Jul 1, 1910",219.96,1910-07-01
"1305","Jun 1, 1910",231.67,1910-06-01
"1306","May 1, 1910",241.19,1910-05-01
"1307","Apr 1, 1910",240.65,1910-04-01
"1308","Mar 1, 1910",248.79,1910-03-01
"1309","Feb 1, 1910",247.46,1910-02-01
"1310","Jan 1, 1910",256.62,1910-01-01
"1311","Dec 1, 1909",259.86,1909-12-01
"1312","Nov 1, 1909",259.17,1909-11-01
"1313","Oct 1, 1909",263.1,1909-10-01
"1314","Sep 1, 1909",267.25,1909-09-01
"1315","Aug 1, 1909",269.79,1909-08-01
"1316","Jul 1, 1909",265.95,1909-07-01
"1317","Jun 1, 1909",262.21,1909-06-01
"1318","May 1, 1909",260.42,1909-05-01
"1319","Apr 1, 1909",254.5,1909-04-01
"1320","Mar 1, 1909",248.69,1909-03-01
"1321","Feb 1, 1909",245.35,1909-02-01
"1322","Jan 1, 1909",255.42,1909-01-01
"1323","Dec 1, 1908",251.76,1908-12-01
"1324","Nov 1, 1908",248.94,1908-11-01
"1325","Oct 1, 1908",235.52,1908-10-01
"1326","Sep 1, 1908",235.33,1908-09-01
"1327","Aug 1, 1908",237.92,1908-08-01
"1328","Jul 1, 1908",228.13,1908-07-01
"1329","Jun 1, 1908",222.35,1908-06-01
"1330","May 1, 1908",222.06,1908-05-01
"1331","Apr 1, 1908",210.71,1908-04-01
"1332","Mar 1, 1908",202.28,1908-03-01
"1333","Feb 1, 1908",194.33,1908-02-01
"1334","Jan 1, 1908",199.36,1908-01-01
"1335","Dec 1, 1907",189.24,1907-12-01
"1336","Nov 1, 1907",176.2,1907-11-01
"1337","Oct 1, 1907",179.56,1907-10-01
"1338","Sep 1, 1907",203.43,1907-09-01
"1339","Aug 1, 1907",205.62,1907-08-01
"1340","Jul 1, 1907",222.27,1907-07-01
"1341","Jun 1, 1907",214.08,1907-06-01
"1342","May 1, 1907",223.6,1907-05-01
"1343","Apr 1, 1907",236.53,1907-04-01
"1344","Mar 1, 1907",235.4,1907-03-01
"1345","Feb 1, 1907",258.17,1907-02-01
"1346","Jan 1, 1907",272.26,1907-01-01
"1347","Dec 1, 1906",277.41,1906-12-01
"1348","Nov 1, 1906",282.8,1906-11-01
"1349","Oct 1, 1906",280.27,1906-10-01
"1350","Sep 1, 1906",295.32,1906-09-01
"1351","Aug 1, 1906",289.53,1906-08-01
"1352","Jul 1, 1906",275.78,1906-07-01
"1353","Jun 1, 1906",273.83,1906-06-01
"1354","May 1, 1906",270.29,1906-05-01
"1355","Apr 1, 1906",280.6,1906-04-01
"1356","Mar 1, 1906",284.47,1906-03-01
"1357","Feb 1, 1906",291.61,1906-02-01
"1358","Jan 1, 1906",293.7,1906-01-01
"1359","Dec 1, 1905",283.88,1905-12-01
"1360","Nov 1, 1905",280.34,1905-11-01
"1361","Oct 1, 1905",284.91,1905-10-01
"1362","Sep 1, 1905",280.96,1905-09-01
"1363","Aug 1, 1905",277.03,1905-08-01
"1364","Jul 1, 1905",270,1905-07-01
"1365","Jun 1, 1905",261.78,1905-06-01
"1366","May 1, 1905",258.73,1905-05-01
"1367","Apr 1, 1905",269.2,1905-04-01
"1368","Mar 1, 1905",272.51,1905-03-01
"1369","Feb 1, 1905",261.86,1905-02-01
"1370","Jan 1, 1905",250.85,1905-01-01
"1371","Dec 1, 1904",245.49,1904-12-01
"1372","Nov 1, 1904",243.11,1904-11-01
"1373","Oct 1, 1904",235.91,1904-10-01
"1374","Sep 1, 1904",222.82,1904-09-01
"1375","Aug 1, 1904",215.99,1904-08-01
"1376","Jul 1, 1904",211.23,1904-07-01
"1377","Jun 1, 1904",202.81,1904-06-01
"1378","May 1, 1904",202.5,1904-05-01
"1379","Apr 1, 1904",202.12,1904-04-01
"1380","Mar 1, 1904",195.13,1904-03-01
"1381","Feb 1, 1904",193.42,1904-02-01
"1382","Jan 1, 1904",203.34,1904-01-01
"1383","Dec 1, 1903",204.68,1903-12-01
"1384","Nov 1, 1903",195.65,1903-11-01
"1385","Oct 1, 1903",192.88,1903-10-01
"1386","Sep 1, 1903",196.94,1903-09-01
"1387","Aug 1, 1903",204.28,1903-08-01
"1388","Jul 1, 1903",211.06,1903-07-01
"1389","Jun 1, 1903",221.23,1903-06-01
"1390","May 1, 1903",234.17,1903-05-01
"1391","Apr 1, 1903",233.37,1903-04-01
"1392","Mar 1, 1903",243.31,1903-03-01
"1393","Feb 1, 1903",244.76,1903-02-01
"1394","Jan 1, 1903",246.22,1903-01-01
"1395","Dec 1, 1902",237.02,1902-12-01
"1396","Nov 1, 1902",245.19,1902-11-01
"1397","Oct 1, 1902",246.85,1902-10-01
"1398","Sep 1, 1902",272.68,1902-09-01
"1399","Aug 1, 1902",275.09,1902-08-01
"1400","Jul 1, 1902",264.98,1902-07-01
"1401","Jun 1, 1902",259.12,1902-06-01
"1402","May 1, 1902",263.57,1902-05-01
"1403","Apr 1, 1902",267.49,1902-04-01
"1404","Mar 1, 1902",261.61,1902-03-01
"1405","Feb 1, 1902",261.29,1902-02-01
"1406","Jan 1, 1902",259.06,1902-01-01
"1407","Dec 1, 1901",250.78,1901-12-01
"1408","Nov 1, 1901",257.78,1901-11-01
"1409","Oct 1, 1901",255.59,1901-10-01
"1410","Sep 1, 1901",258.5,1901-09-01
"1411","Aug 1, 1901",262.83,1901-08-01
"1412","Jul 1, 1901",262.64,1901-07-01
"1413","Jun 1, 1901",284.88,1901-06-01
"1414","May 1, 1901",259.08,1901-05-01
"1415","Apr 1, 1901",272.82,1901-04-01
"1416","Mar 1, 1901",248.73,1901-03-01
"1417","Feb 1, 1901",240.12,1901-02-01
"1418","Jan 1, 1901",231.12,1901-01-01
"1419","Dec 1, 1900",227.53,1900-12-01
"1420","Nov 1, 1900",211.83,1900-11-01
"1421","Oct 1, 1900",196.47,1900-10-01
"1422","Sep 1, 1900",187.41,1900-09-01
"1423","Aug 1, 1900",194.18,1900-08-01
"1424","Jul 1, 1900",189.35,1900-07-01
"1425","Jun 1, 1900",191.56,1900-06-01
"1426","May 1, 1900",195.17,1900-05-01
"1427","Apr 1, 1900",199.99,1900-04-01
"1428","Mar 1, 1900",197.47,1900-03-01
"1429","Feb 1, 1900",195.89,1900-02-01
"1430","Jan 1, 1900",194.61,1900-01-01
"1431","Dec 1, 1899",192.06,1899-12-01
"1432","Nov 1, 1899",208.74,1899-11-01
"1433","Oct 1, 1899",207.25,1899-10-01
"1434","Sep 1, 1899",210.97,1899-09-01
"1435","Aug 1, 1899",221.44,1899-08-01
"1436","Jul 1, 1899",218.92,1899-07-01
"1437","Jun 1, 1899",214.27,1899-06-01
"1438","May 1, 1899",222.32,1899-05-01
"1439","Apr 1, 1899",231.99,1899-04-01
"1440","Mar 1, 1899",232.09,1899-03-01
"1441","Feb 1, 1899",228.83,1899-02-01
"1442","Jan 1, 1899",226.69,1899-01-01
"1443","Dec 1, 1898",210.65,1898-12-01
"1444","Nov 1, 1898",201.33,1898-11-01
"1445","Oct 1, 1898",194.89,1898-10-01
"1446","Sep 1, 1898",199.06,1898-09-01
"1447","Aug 1, 1898",199.44,1898-08-01
"1448","Jul 1, 1898",192.25,1898-07-01
"1449","Jun 1, 1898",188.66,1898-06-01
"1450","May 1, 1898",169.77,1898-05-01
"1451","Apr 1, 1898",170.39,1898-04-01
"1452","Mar 1, 1898",173.37,1898-03-01
"1453","Feb 1, 1898",181.57,1898-02-01
"1454","Jan 1, 1898",184.68,1898-01-01
"1455","Dec 1, 1897",179.76,1897-12-01
"1456","Nov 1, 1897",175.97,1897-11-01
"1457","Oct 1, 1897",182.41,1897-10-01
"1458","Sep 1, 1897",185.67,1897-09-01
"1459","Aug 1, 1897",182.22,1897-08-01
"1460","Jul 1, 1897",179,1897-07-01
"1461","Jun 1, 1897",171.37,1897-06-01
"1462","May 1, 1897",163.74,1897-05-01
"1463","Apr 1, 1897",160.64,1897-04-01
"1464","Mar 1, 1897",163.22,1897-03-01
"1465","Feb 1, 1897",162.83,1897-02-01
"1466","Jan 1, 1897",164.39,1897-01-01
"1467","Dec 1, 1896",159.7,1896-12-01
"1468","Nov 1, 1896",165.75,1896-11-01
"1469","Oct 1, 1896",159.71,1896-10-01
"1470","Sep 1, 1896",160.94,1896-09-01
"1471","Aug 1, 1896",152.91,1896-08-01
"1472","Jul 1, 1896",162.14,1896-07-01
"1473","Jun 1, 1896",173.38,1896-06-01
"1474","May 1, 1896",174.09,1896-05-01
"1475","Apr 1, 1896",172.18,1896-04-01
"1476","Mar 1, 1896",168.03,1896-03-01
"1477","Feb 1, 1896",170.71,1896-02-01
"1478","Jan 1, 1896",161.59,1896-01-01
"1479","Dec 1, 1895",161.07,1895-12-01
"1480","Nov 1, 1895",168.88,1895-11-01
"1481","Oct 1, 1895",174.77,1895-10-01
"1482","Sep 1, 1895",177.35,1895-09-01
"1483","Aug 1, 1895",176.24,1895-08-01
"1484","Jul 1, 1895",171.17,1895-07-01
"1485","Jun 1, 1895",168.26,1895-06-01
"1486","May 1, 1895",167.18,1895-05-01
"1487","Apr 1, 1895",160.79,1895-04-01
"1488","Mar 1, 1895",160.74,1895-03-01
"1489","Feb 1, 1895",160.74,1895-02-01
"1490","Jan 1, 1895",163.04,1895-01-01
"1491","Dec 1, 1894",164.96,1894-12-01
"1492","Nov 1, 1894",164.24,1894-11-01
"1493","Oct 1, 1894",164.24,1894-10-01
"1494","Sep 1, 1894",164.84,1894-09-01
"1495","Aug 1, 1894",164.42,1894-08-01
"1496","Jul 1, 1894",163.04,1894-07-01
"1497","Jun 1, 1894",166.49,1894-06-01
"1498","May 1, 1894",168.79,1894-05-01
"1499","Apr 1, 1894",175.31,1894-04-01
"1500","Mar 1, 1894",173.01,1894-03-01
"1501","Feb 1, 1894",163.3,1894-02-01
"1502","Jan 1, 1894",158.95,1894-01-01
"1503","Dec 1, 1893",157.88,1893-12-01
"1504","Nov 1, 1893",161.32,1893-11-01
"1505","Oct 1, 1893",154.73,1893-10-01
"1506","Sep 1, 1893",152.34,1893-09-01
"1507","Aug 1, 1893",147.96,1893-08-01
"1508","Jul 1, 1893",145.71,1893-07-01
"1509","Jun 1, 1893",156.59,1893-06-01
"1510","May 1, 1893",160.3,1893-05-01
"1511","Apr 1, 1893",173.58,1893-04-01
"1512","Mar 1, 1893",171.58,1893-03-01
"1513","Feb 1, 1893",173.81,1893-02-01
"1514","Jan 1, 1893",178.98,1893-01-01
"1515","Dec 1, 1892",182.49,1892-12-01
"1516","Nov 1, 1892",186.68,1892-11-01
"1517","Oct 1, 1892",192.21,1892-10-01
"1518","Sep 1, 1892",188.43,1892-09-01
"1519","Aug 1, 1892",193.24,1892-08-01
"1520","Jul 1, 1892",193.12,1892-07-01
"1521","Jun 1, 1892",198.34,1892-06-01
"1522","May 1, 1892",199.41,1892-05-01
"1523","Apr 1, 1892",199.41,1892-04-01
"1524","Mar 1, 1892",196.97,1892-03-01
"1525","Feb 1, 1892",189.8,1892-02-01
"1526","Jan 1, 1892",189.46,1892-01-01
"1527","Dec 1, 1891",181.32,1891-12-01
"1528","Nov 1, 1891",175.96,1891-11-01
"1529","Oct 1, 1891",176.53,1891-10-01
"1530","Sep 1, 1891",176.53,1891-09-01
"1531","Aug 1, 1891",161.16,1891-08-01
"1532","Jul 1, 1891",155.93,1891-07-01
"1533","Jun 1, 1891",156.72,1891-06-01
"1534","May 1, 1891",156.14,1891-05-01
"1535","Apr 1, 1891",154.84,1891-04-01
"1536","Mar 1, 1891",151.73,1891-03-01
"1537","Feb 1, 1891",156.33,1891-02-01
"1538","Jan 1, 1891",156.39,1891-01-01
"1539","Dec 1, 1890",146.76,1890-12-01
"1540","Nov 1, 1890",150.27,1890-11-01
"1541","Oct 1, 1890",158.26,1890-10-01
"1542","Sep 1, 1890",165.74,1890-09-01
"1543","Aug 1, 1890",170.65,1890-08-01
"1544","Jul 1, 1890",181.1,1890-07-01
"1545","Jun 1, 1890",182.41,1890-06-01
"1546","May 1, 1890",183.72,1890-05-01
"1547","Apr 1, 1890",178.51,1890-04-01
"1548","Mar 1, 1890",174.87,1890-03-01
"1549","Feb 1, 1890",176.19,1890-02-01
"1550","Jan 1, 1890",178.18,1890-01-01
"1551","Dec 1, 1889",171.9,1889-12-01
"1552","Nov 1, 1889",174.89,1889-11-01
"1553","Oct 1, 1889",176.52,1889-10-01
"1554","Sep 1, 1889",179.79,1889-09-01
"1555","Aug 1, 1889",177.85,1889-08-01
"1556","Jul 1, 1889",175.53,1889-07-01
"1557","Jun 1, 1889",179.18,1889-06-01
"1558","May 1, 1889",176.19,1889-05-01
"1559","Apr 1, 1889",167.38,1889-04-01
"1560","Mar 1, 1889",167.7,1889-03-01
"1561","Feb 1, 1889",169.09,1889-02-01
"1562","Jan 1, 1889",165.29,1889-01-01
"1563","Dec 1, 1888",156.46,1888-12-01
"1564","Nov 1, 1888",159.5,1888-11-01
"1565","Oct 1, 1888",164.84,1888-10-01
"1566","Sep 1, 1888",167.61,1888-09-01
"1567","Aug 1, 1888",163.56,1888-08-01
"1568","Jul 1, 1888",160.13,1888-07-01
"1569","Jun 1, 1888",158.04,1888-06-01
"1570","May 1, 1888",161.07,1888-05-01
"1571","Apr 1, 1888",157.14,1888-04-01
"1572","Mar 1, 1888",154.63,1888-03-01
"1573","Feb 1, 1888",160.72,1888-02-01
"1574","Jan 1, 1888",159.9,1888-01-01
"1575","Dec 1, 1887",160.42,1887-12-01
"1576","Nov 1, 1887",165.12,1887-11-01
"1577","Oct 1, 1887",164.03,1887-10-01
"1578","Sep 1, 1887",171.64,1887-09-01
"1579","Aug 1, 1887",171.92,1887-08-01
"1580","Jul 1, 1887",178.34,1887-07-01
"1581","Jun 1, 1887",180.75,1887-06-01
"1582","May 1, 1887",183.81,1887-05-01
"1583","Apr 1, 1887",180.69,1887-04-01
"1584","Mar 1, 1887",176.64,1887-03-01
"1585","Feb 1, 1887",172.59,1887-02-01
"1586","Jan 1, 1887",176.02,1887-01-01
"1587","Dec 1, 1886",182.24,1886-12-01
"1588","Nov 1, 1886",189.27,1886-11-01
"1589","Oct 1, 1886",184.7,1886-10-01
"1590","Sep 1, 1886",180.12,1886-09-01
"1591","Aug 1, 1886",175.54,1886-08-01
"1592","Jul 1, 1886",176.53,1886-07-01
"1593","Jun 1, 1886",175.96,1886-06-01
"1594","May 1, 1886",166.26,1886-05-01
"1595","Apr 1, 1886",165.44,1886-04-01
"1596","Mar 1, 1886",165.58,1886-03-01
"1597","Feb 1, 1886",167.18,1886-02-01
"1598","Jan 1, 1886",164.03,1886-01-01
"1599","Dec 1, 1885",160.22,1885-12-01
"1600","Nov 1, 1885",165.29,1885-11-01
"1601","Oct 1, 1885",156.97,1885-10-01
"1602","Sep 1, 1885",148.35,1885-09-01
"1603","Aug 1, 1885",148.57,1885-08-01
"1604","Jul 1, 1885",140.69,1885-07-01
"1605","Jun 1, 1885",137.19,1885-06-01
"1606","May 1, 1885",134.59,1885-05-01
"1607","Apr 1, 1885",133.02,1885-04-01
"1608","Mar 1, 1885",134.95,1885-03-01
"1609","Feb 1, 1885",131.59,1885-02-01
"1610","Jan 1, 1885",129.06,1885-01-01
"1611","Dec 1, 1884",132.11,1884-12-01
"1612","Nov 1, 1884",130.99,1884-11-01
"1613","Oct 1, 1884",130.73,1884-10-01
"1614","Sep 1, 1884",133.59,1884-09-01
"1615","Aug 1, 1884",136.53,1884-08-01
"1616","Jul 1, 1884",128.47,1884-07-01
"1617","Jun 1, 1884",127.02,1884-06-01
"1618","May 1, 1884",132.43,1884-05-01
"1619","Apr 1, 1884",141.07,1884-04-01
"1620","Mar 1, 1884",144.72,1884-03-01
"1621","Feb 1, 1884",145.27,1884-02-01
"1622","Jan 1, 1884",141.45,1884-01-01
"1623","Dec 1, 1883",145.82,1883-12-01
"1624","Nov 1, 1883",150.73,1883-11-01
"1625","Oct 1, 1883",146.91,1883-10-01
"1626","Sep 1, 1883",151,1883-09-01
"1627","Aug 1, 1883",147.92,1883-08-01
"1628","Jul 1, 1883",154.95,1883-07-01
"1629","Jun 1, 1883",154.24,1883-06-01
"1630","May 1, 1883",148.39,1883-05-01
"1631","Apr 1, 1883",149.44,1883-04-01
"1632","Mar 1, 1883",145.07,1883-03-01
"1633","Feb 1, 1883",141.88,1883-02-01
"1634","Jan 1, 1883",146.58,1883-01-01
"1635","Dec 1, 1882",147.34,1882-12-01
"1636","Nov 1, 1882",145.13,1882-11-01
"1637","Oct 1, 1882",150.28,1882-10-01
"1638","Sep 1, 1882",152.99,1882-09-01
"1639","Aug 1, 1882",147.5,1882-08-01
"1640","Jul 1, 1882",144.43,1882-07-01
"1641","Jun 1, 1882",135.57,1882-06-01
"1642","May 1, 1882",137.45,1882-05-01
"1643","Apr 1, 1882",140.48,1882-04-01
"1644","Mar 1, 1882",141.71,1882-03-01
"1645","Feb 1, 1882",141.96,1882-02-01
"1646","Jan 1, 1882",146.57,1882-01-01
"1647","Dec 1, 1881",148.8,1881-12-01
"1648","Nov 1, 1881",153.25,1881-11-01
"1649","Oct 1, 1881",150.78,1881-10-01
"1650","Sep 1, 1881",154.74,1881-09-01
"1651","Aug 1, 1881",159.45,1881-08-01
"1652","Jul 1, 1881",166.54,1881-07-01
"1653","Jun 1, 1881",174.39,1881-06-01
"1654","May 1, 1881",172.27,1881-05-01
"1655","Apr 1, 1881",163.13,1881-04-01
"1656","Mar 1, 1881",165.38,1881-03-01
"1657","Feb 1, 1881",163.52,1881-02-01
"1658","Jan 1, 1881",165.62,1881-01-01
"1659","Dec 1, 1880",154.77,1880-12-01
"1660","Nov 1, 1880",150.1,1880-11-01
"1661","Oct 1, 1880",144.14,1880-10-01
"1662","Sep 1, 1880",140.08,1880-09-01
"1663","Aug 1, 1880",141.72,1880-08-01
"1664","Jul 1, 1880",136.81,1880-07-01
"1665","Jun 1, 1880",130.8,1880-06-01
"1666","May 1, 1880",127.62,1880-05-01
"1667","Apr 1, 1880",134.59,1880-04-01
"1668","Mar 1, 1880",132.39,1880-03-01
"1669","Feb 1, 1880",131.19,1880-02-01
"1670","Jan 1, 1880",128.92,1880-01-01
"1671","Dec 1, 1879",127.84,1879-12-01
"1672","Nov 1, 1879",131.91,1879-11-01
"1673","Oct 1, 1879",131.94,1879-10-01
"1674","Sep 1, 1879",125.57,1879-09-01
"1675","Aug 1, 1879",125.4,1879-08-01
"1676","Jul 1, 1879",124.48,1879-07-01
"1677","Jun 1, 1879",123.37,1879-06-01
"1678","May 1, 1879",121.4,1879-05-01
"1679","Apr 1, 1879",116.16,1879-04-01
"1680","Mar 1, 1879",111.1,1879-03-01
"1681","Feb 1, 1879",111.72,1879-02-01
"1682","Jan 1, 1879",108.97,1879-01-01
"1683","Dec 1, 1878",106.3,1878-12-01
"1684","Nov 1, 1878",104.49,1878-11-01
"1685","Oct 1, 1878",103.55,1878-10-01
"1686","Sep 1, 1878",103.64,1878-09-01
"1687","Aug 1, 1878",101.58,1878-08-01
"1688","Jul 1, 1878",103.55,1878-07-01
"1689","Jun 1, 1878",102.68,1878-06-01
"1690","May 1, 1878",98.34,1878-05-01
"1691","Apr 1, 1878",94.83,1878-04-01
"1692","Mar 1, 1878",91.34,1878-03-01
"1693","Feb 1, 1878",87.79,1878-02-01
"1694","Jan 1, 1878",88.75,1878-01-01
"1695","Dec 1, 1877",86.13,1877-12-01
"1696","Nov 1, 1877",86.4,1877-11-01
"1697","Oct 1, 1877",86,1877-10-01
"1698","Sep 1, 1877",84.19,1877-09-01
"1699","Aug 1, 1877",78.44,1877-08-01
"1700","Jul 1, 1877",70.56,1877-07-01
"1701","Jun 1, 1877",68.19,1877-06-01
"1702","May 1, 1877",69.51,1877-05-01
"1703","Apr 1, 1877",70.77,1877-04-01
"1704","Mar 1, 1877",78.48,1877-03-01
"1705","Feb 1, 1877",78.97,1877-02-01
"1706","Jan 1, 1877",81.79,1877-01-01
"1707","Dec 1, 1876",83.93,1876-12-01
"1708","Nov 1, 1876",85.92,1876-11-01
"1709","Oct 1, 1876",88.35,1876-10-01
"1710","Sep 1, 1876",90.47,1876-09-01
"1711","Aug 1, 1876",97.3,1876-08-01
"1712","Jul 1, 1876",102.41,1876-07-01
"1713","Jun 1, 1876",103.66,1876-06-01
"1714","May 1, 1876",101.59,1876-05-01
"1715","Apr 1, 1876",101.75,1876-04-01
"1716","Mar 1, 1876",104.76,1876-03-01
"1717","Feb 1, 1876",105,1876-02-01
"1718","Jan 1, 1876",103.6,1876-01-01
"1719","Dec 1, 1875",100.68,1875-12-01
"1720","Nov 1, 1875",99.77,1875-11-01
"1721","Oct 1, 1875",97.37,1875-10-01
"1722","Sep 1, 1875",98.96,1875-09-01
"1723","Aug 1, 1875",98.97,1875-08-01
"1724","Jul 1, 1875",99.41,1875-07-01
"1725","Jun 1, 1875",99.18,1875-06-01
"1726","May 1, 1875",99.52,1875-05-01
"1727","Apr 1, 1875",100.95,1875-04-01
"1728","Mar 1, 1875",100.51,1875-03-01
"1729","Feb 1, 1875",99.19,1875-02-01
"1730","Jan 1, 1875",99.41,1875-01-01
"1731","Dec 1, 1874",99.41,1874-12-01
"1732","Nov 1, 1874",100.07,1874-11-01
"1733","Oct 1, 1874",98.34,1874-10-01
"1734","Sep 1, 1874",96.97,1874-09-01
"1735","Aug 1, 1874",95.48,1874-08-01
"1736","Jul 1, 1874",94.54,1874-07-01
"1737","Jun 1, 1874",95.26,1874-06-01
"1738","May 1, 1874",93.47,1874-05-01
"1739","Apr 1, 1874",95.19,1874-04-01
"1740","Mar 1, 1874",96.37,1874-03-01
"1741","Feb 1, 1874",97.8,1874-02-01
"1742","Jan 1, 1874",94.95,1874-01-01
"1743","Dec 1, 1873",91.46,1873-12-01
"1744","Nov 1, 1873",85.64,1873-11-01
"1745","Oct 1, 1873",86.07,1873-10-01
"1746","Sep 1, 1873",92.11,1873-09-01
"1747","Aug 1, 1873",99.73,1873-08-01
"1748","Jul 1, 1873",99.73,1873-07-01
"1749","Jun 1, 1873",99.93,1873-06-01
"1750","May 1, 1873",98.36,1873-05-01
"1751","Apr 1, 1873",96.01,1873-04-01
"1752","Mar 1, 1873",97.35,1873-03-01
"1753","Feb 1, 1873",98.11,1873-02-01
"1754","Jan 1, 1873",99.53,1873-01-01
"1755","Dec 1, 1872",98.75,1872-12-01
"1756","Nov 1, 1872",95.02,1872-11-01
"1757","Oct 1, 1872",98.25,1872-10-01
"1758","Sep 1, 1872",95.75,1872-09-01
"1759","Aug 1, 1872",98.17,1872-08-01
"1760","Jul 1, 1872",100.11,1872-07-01
"1761","Jun 1, 1872",99.23,1872-06-01
"1762","May 1, 1872",99.43,1872-05-01
"1763","Apr 1, 1872",99.43,1872-04-01
"1764","Mar 1, 1872",98.93,1872-03-01
"1765","Feb 1, 1872",97.23,1872-02-01
"1766","Jan 1, 1872",96.83,1872-01-01
"1767","Dec 1, 1871",94.44,1871-12-01
"1768","Nov 1, 1871",94.54,1871-11-01
"1769","Oct 1, 1871",93.52,1871-10-01
"1770","Sep 1, 1871",100.15,1871-09-01
"1771","Aug 1, 1871",101.54,1871-08-01
"1772","Jul 1, 1871",98.69,1871-07-01
"1773","Jun 1, 1871",100.56,1871-06-01
"1774","May 1, 1871",99.83,1871-05-01
"1775","Apr 1, 1871",95.12,1871-04-01
"1776","Mar 1, 1871",89.17,1871-03-01
"1777","Feb 1, 1871",88.33,1871-02-01
"1778","Jan 1, 1871",89.81,1871-01-01
